id,name,set,country,round,type
0,Core BFR1 HQ,Core,BF,1,HQ
1,Core BFR1 FQ,Core,BF,1,FQ
2,Core BFR1 SQ,Core,BF,1,SQ
3,Core BFR2 HQ,Core,BF,2,HQ
4,Core BFR2 FQ,Core,BF,2,FQ
5,Core BFR2 SQ,Core,BF,2,SQ
6,Core BFR3 HQ,Core,BF,3,HQ
7,Core BFR3 FQ,Core,BF,3,FQ
8,Core BFR3 SQ,Core,BF,3,SQ
9,Core BFR4 HQ,Core,BF,4,HQ
10,Core BFR4 FQ,Core,BF,4,FQ
11,Core BFR4 SQ,Core,BF,4,SQ
12,Core BFR5 HQ,Core,BF,5,HQ
13,Core BFR5 FQ,Core,BF,5,FQ
14,Core BFR5 SQ,Core,BF,5,SQ
15,Core BFR6 HQ,Core,BF,6,HQ
16,Core BFR6 FQ,Core,BF,6,FQ
17,Core BFR6 SQ,Core,BF,6,SQ
18,Core BFR7 HQ,Core,BF,7,HQ
19,Core BFR7 FQ,Core,BF,7,FQ
20,Core BFR7 SQ,Core,BF,7,SQ
21,Core CIR1 HQ,Core,CI,1,HQ
22,Core CIR1 FQ,Core,CI,1,FQ
23,Core CIR1 SQ,Core,CI,1,SQ
24,Core CIR2 HQ,Core,CI,2,HQ
25,Core CIR2 FQ,Core,CI,2,FQ
26,Core CIR2 SQ,Core,CI,2,SQ
27,Core CIR3 HQ,Core,CI,3,HQ
28,Core CIR3 FQ,Core,CI,3,FQ
29,Core CIR3 SQ,Core,CI,3,SQ
30,Core CIR4 HQ,Core,CI,4,HQ
31,Core CIR4 FQ,Core,CI,4,FQ
32,Core CIR4 SQ,Core,CI,4,SQ
33,Core CIR5 HQ,Core,CI,5,HQ
34,Core CIR5 FQ,Core,CI,5,FQ
35,Core CIR5 SQ,Core,CI,5,SQ
36,Core CIR6 HQ,Core,CI,6,HQ
37,Core CIR6 FQ,Core,CI,6,FQ
38,Core CIR6 SQ,Core,CI,6,SQ
39,Core CIR7 HQ,Core,CI,7,HQ
40,Core CIR7 FQ,Core,CI,7,FQ
41,Core CIR7 SQ,Core,CI,7,SQ
42,Core CDR1 HQ,Core,CD,1,HQ
43,Core CDR1 FQ,Core,CD,1,FQ
44,Core CDR1 SQ,Core,CD,1,SQ
45,Core CDR2 HQ,Core,CD,2,HQ
46,Core CDR2 FQ,Core,CD,2,FQ
47,Core CDR2 SQ,Core,CD,2,SQ
48,Core CDR3 HQ,Core,CD,3,HQ
49,Core CDR3 FQ,Core,CD,3,FQ
50,Core CDR3 SQ,Core,CD,3,SQ
51,Core CDR4 HQ,Core,CD,4,HQ
52,Core CDR4 FQ,Core,CD,4,FQ
53,Core CDR4 SQ,Core,CD,4,SQ
54,Core CDR5 HQ,Core,CD,5,HQ
55,Core CDR5 FQ,Core,CD,5,FQ
56,Core CDR5 SQ,Core,CD,5,SQ
57,Core CDR6 HQ,Core,CD,6,HQ
58,Core CDR6 FQ,Core,CD,6,FQ
59,Core CDR6 SQ,Core,CD,6,SQ
60,Core CDR7 HQ,Core,CD,7,HQ
61,Core CDR7 FQ,Core,CD,7,FQ
62,Core CDR7 SQ,Core,CD,7,SQ
63,Core ETR1 HQ,Core,ET,1,HQ
64,Core ETR1 FQ,Core,ET,1,FQ
65,Core ETR1 SQ,Core,ET,1,SQ
66,Core ETR2 HQ,Core,ET,2,HQ
67,Core ETR2 FQ,Core,ET,2,FQ
68,Core ETR2 SQ,Core,ET,2,SQ
69,Core ETR3 HQ,Core,ET,3,HQ
70,Core ETR3 FQ,Core,ET,3,FQ
71,Core ETR3 SQ,Core,ET,3,SQ
72,Core ETR4 HQ,Core,ET,4,HQ
73,Core ETR4 FQ,Core,ET,4,FQ
74,Core ETR4 SQ,Core,ET,4,SQ
75,Core ETR5 HQ,Core,ET,5,HQ
76,Core ETR5 FQ,Core,ET,5,FQ
77,Core ETR5 SQ,Core,ET,5,SQ
78,Core ETR6 HQ,Core,ET,6,HQ
79,Core ETR6 FQ,Core,ET,6,FQ
80,Core ETR6 SQ,Core,ET,6,SQ
81,Core ETR7 HQ,Core,ET,7,HQ
82,Core ETR7 FQ,Core,ET,7,FQ
83,Core ETR7 SQ,Core,ET,7,SQ
84,Core GHR1 HQ,Core,GH,1,HQ
85,Core GHR1 FQ,Core,GH,1,FQ
86,Core GHR1 SQ,Core,GH,1,SQ
87,Core GHR2 HQ,Core,GH,2,HQ
88,Core GHR2 FQ,Core,GH,2,FQ
89,Core GHR2 SQ,Core,GH,2,SQ
90,Core GHR3 HQ,Core,GH,3,HQ
91,Core GHR3 FQ,Core,GH,3,FQ
92,Core GHR3 SQ,Core,GH,3,SQ
93,Core GHR4 HQ,Core,GH,4,HQ
94,Core GHR4 FQ,Core,GH,4,FQ
95,Core GHR4 SQ,Core,GH,4,SQ
96,Core GHR5 HQ,Core,GH,5,HQ
97,Core GHR5 FQ,Core,GH,5,FQ
98,Core GHR5 SQ,Core,GH,5,SQ
99,Core GHR6 HQ,Core,GH,6,HQ
100,Core GHR6 FQ,Core,GH,6,FQ
101,Core GHR6 SQ,Core,GH,6,SQ
102,Core GHR7 HQ,Core,GH,7,HQ
103,Core GHR7 FQ,Core,GH,7,FQ
104,Core GHR7 SQ,Core,GH,7,SQ
105,Core INR1 HQ,Core,IN,1,HQ
106,Core INR1 FQ,Core,IN,1,FQ
107,Core INR1 SQ,Core,IN,1,SQ
108,Core INR2 HQ,Core,IN,2,HQ
109,Core INR2 FQ,Core,IN,2,FQ
110,Core INR2 SQ,Core,IN,2,SQ
111,Core INR3 HQ,Core,IN,3,HQ
112,Core INR3 FQ,Core,IN,3,FQ
113,Core INR3 SQ,Core,IN,3,SQ
114,Core INR4 HQ,Core,IN,4,HQ
115,Core INR4 FQ,Core,IN,4,FQ
116,Core INR4 SQ,Core,IN,4,SQ
117,Core INR5 HQ,Core,IN,5,HQ
118,Core INR5 FQ,Core,IN,5,FQ
119,Core INR5 SQ,Core,IN,5,SQ
120,Core INR6 HQ,Core,IN,6,HQ
121,Core INR6 FQ,Core,IN,6,FQ
122,Core INR6 SQ,Core,IN,6,SQ
123,Core INR7 HQ,Core,IN,7,HQ
124,Core INR7 FQ,Core,IN,7,FQ
125,Core INR7 SQ,Core,IN,7,SQ
126,Core IDR1 HQ,Core,ID,1,HQ
127,Core IDR1 FQ,Core,ID,1,FQ
128,Core IDR1 SQ,Core,ID,1,SQ
129,Core IDR2 HQ,Core,ID,2,HQ
130,Core IDR2 FQ,Core,ID,2,FQ
131,Core IDR2 SQ,Core,ID,2,SQ
132,Core IDR3 HQ,Core,ID,3,HQ
133,Core IDR3 FQ,Core,ID,3,FQ
134,Core IDR3 SQ,Core,ID,3,SQ
135,Core IDR4 HQ,Core,ID,4,HQ
136,Core IDR4 FQ,Core,ID,4,FQ
137,Core IDR4 SQ,Core,ID,4,SQ
138,Core IDR5 HQ,Core,ID,5,HQ
139,Core IDR5 FQ,Core,ID,5,FQ
140,Core IDR5 SQ,Core,ID,5,SQ
141,Core IDR6 HQ,Core,ID,6,HQ
142,Core IDR6 FQ,Core,ID,6,FQ
143,Core IDR6 SQ,Core,ID,6,SQ
144,Core IDR7 HQ,Core,ID,7,HQ
145,Core IDR7 FQ,Core,ID,7,FQ
146,Core IDR7 SQ,Core,ID,7,SQ
147,Core KER1 HQ,Core,KE,1,HQ
148,Core KER1 FQ,Core,KE,1,FQ
149,Core KER1 SQ,Core,KE,1,SQ
150,Core KER2 HQ,Core,KE,2,HQ
151,Core KER2 FQ,Core,KE,2,FQ
152,Core KER2 SQ,Core,KE,2,SQ
153,Core KER3 HQ,Core,KE,3,HQ
154,Core KER3 FQ,Core,KE,3,FQ
155,Core KER3 SQ,Core,KE,3,SQ
156,Core KER4 HQ,Core,KE,4,HQ
157,Core KER4 FQ,Core,KE,4,FQ
158,Core KER4 SQ,Core,KE,4,SQ
159,Core KER5 HQ,Core,KE,5,HQ
160,Core KER5 FQ,Core,KE,5,FQ
161,Core KER5 SQ,Core,KE,5,SQ
162,Core KER6 HQ,Core,KE,6,HQ
163,Core KER6 FQ,Core,KE,6,FQ
164,Core KER6 SQ,Core,KE,6,SQ
165,Core KER7 HQ,Core,KE,7,HQ
166,Core KER7 FQ,Core,KE,7,FQ
167,Core KER7 SQ,Core,KE,7,SQ
168,Core NGR1 HQ,Core,NG,1,HQ
169,Core NGR1 FQ,Core,NG,1,FQ
170,Core NGR1 SQ,Core,NG,1,SQ
171,Core NGR2 HQ,Core,NG,2,HQ
172,Core NGR2 FQ,Core,NG,2,FQ
173,Core NGR2 SQ,Core,NG,2,SQ
174,Core NGR3 HQ,Core,NG,3,HQ
175,Core NGR3 FQ,Core,NG,3,FQ
176,Core NGR3 SQ,Core,NG,3,SQ
177,Core NGR4 HQ,Core,NG,4,HQ
178,Core NGR4 FQ,Core,NG,4,FQ
179,Core NGR4 SQ,Core,NG,4,SQ
180,Core NGR5 HQ,Core,NG,5,HQ
181,Core NGR5 FQ,Core,NG,5,FQ
182,Core NGR5 SQ,Core,NG,5,SQ
183,Core NGR6 HQ,Core,NG,6,HQ
184,Core NGR6 FQ,Core,NG,6,FQ
185,Core NGR6 SQ,Core,NG,6,SQ
186,Core NGR7 HQ,Core,NG,7,HQ
187,Core NGR7 FQ,Core,NG,7,FQ
188,Core NGR7 SQ,Core,NG,7,SQ
189,Core NER1 HQ,Core,NE,1,HQ
190,Core NER1 FQ,Core,NE,1,FQ
191,Core NER1 SQ,Core,NE,1,SQ
192,Core NER2 HQ,Core,NE,2,HQ
193,Core NER2 FQ,Core,NE,2,FQ
194,Core NER2 SQ,Core,NE,2,SQ
195,Core NER3 HQ,Core,NE,3,HQ
196,Core NER3 FQ,Core,NE,3,FQ
197,Core NER3 SQ,Core,NE,3,SQ
198,Core NER4 HQ,Core,NE,4,HQ
199,Core NER4 FQ,Core,NE,4,FQ
200,Core NER4 SQ,Core,NE,4,SQ
201,Core NER5 HQ,Core,NE,5,HQ
202,Core NER5 FQ,Core,NE,5,FQ
203,Core NER5 SQ,Core,NE,5,SQ
204,Core NER6 HQ,Core,NE,6,HQ
205,Core NER6 FQ,Core,NE,6,FQ
206,Core NER6 SQ,Core,NE,6,SQ
207,Core NER7 HQ,Core,NE,7,HQ
208,Core NER7 FQ,Core,NE,7,FQ
209,Core NER7 SQ,Core,NE,7,SQ
210,Core UGR1 HQ,Core,UG,1,HQ
211,Core UGR1 FQ,Core,UG,1,FQ
212,Core UGR1 SQ,Core,UG,1,SQ
213,Core UGR2 HQ,Core,UG,2,HQ
214,Core UGR2 FQ,Core,UG,2,FQ
215,Core UGR2 SQ,Core,UG,2,SQ
216,Core UGR3 HQ,Core,UG,3,HQ
217,Core UGR3 FQ,Core,UG,3,FQ
218,Core UGR3 SQ,Core,UG,3,SQ
219,Core UGR4 HQ,Core,UG,4,HQ
220,Core UGR4 FQ,Core,UG,4,FQ
221,Core UGR4 SQ,Core,UG,4,SQ
222,Core UGR5 HQ,Core,UG,5,HQ
223,Core UGR5 FQ,Core,UG,5,FQ
224,Core UGR5 SQ,Core,UG,5,SQ
225,Core UGR6 HQ,Core,UG,6,HQ
226,Core UGR6 FQ,Core,UG,6,FQ
227,Core UGR6 SQ,Core,UG,6,SQ
228,Core UGR7 HQ,Core,UG,7,HQ
229,Core UGR7 FQ,Core,UG,7,FQ
230,Core UGR7 SQ,Core,UG,7,SQ
231,NUT BFR1 HQ,NUT,BF,1,HQ
232,NUT BFR1 FQ,NUT,BF,1,FQ
233,NUT BFR1 SQ,NUT,BF,1,SQ
234,NUT BFR2 HQ,NUT,BF,2,HQ
235,NUT BFR2 FQ,NUT,BF,2,FQ
236,NUT BFR2 SQ,NUT,BF,2,SQ
237,NUT BFR3 HQ,NUT,BF,3,HQ
238,NUT BFR3 FQ,NUT,BF,3,FQ
239,NUT BFR3 SQ,NUT,BF,3,SQ
240,NUT BFR4 HQ,NUT,BF,4,HQ
241,NUT BFR4 FQ,NUT,BF,4,FQ
242,NUT BFR4 SQ,NUT,BF,4,SQ
243,NUT BFR5 HQ,NUT,BF,5,HQ
244,NUT BFR5 FQ,NUT,BF,5,FQ
245,NUT BFR5 SQ,NUT,BF,5,SQ
246,NUT BFR6 HQ,NUT,BF,6,HQ
247,NUT BFR6 FQ,NUT,BF,6,FQ
248,NUT BFR6 SQ,NUT,BF,6,SQ
249,NUT BFR7 HQ,NUT,BF,7,HQ
250,NUT BFR7 FQ,NUT,BF,7,FQ
251,NUT BFR7 SQ,NUT,BF,7,SQ
252,NUT CIR1 HQ,NUT,CI,1,HQ
253,NUT CIR1 FQ,NUT,CI,1,FQ
254,NUT CIR1 SQ,NUT,CI,1,SQ
255,NUT CIR2 HQ,NUT,CI,2,HQ
256,NUT CIR2 FQ,NUT,CI,2,FQ
257,NUT CIR2 SQ,NUT,CI,2,SQ
258,NUT CIR3 HQ,NUT,CI,3,HQ
259,NUT CIR3 FQ,NUT,CI,3,FQ
260,NUT CIR3 SQ,NUT,CI,3,SQ
261,NUT CIR4 HQ,NUT,CI,4,HQ
262,NUT CIR4 FQ,NUT,CI,4,FQ
263,NUT CIR4 SQ,NUT,CI,4,SQ
264,NUT CIR5 HQ,NUT,CI,5,HQ
265,NUT CIR5 FQ,NUT,CI,5,FQ
266,NUT CIR5 SQ,NUT,CI,5,SQ
267,NUT CIR6 HQ,NUT,CI,6,HQ
268,NUT CIR6 FQ,NUT,CI,6,FQ
269,NUT CIR6 SQ,NUT,CI,6,SQ
270,NUT CIR7 HQ,NUT,CI,7,HQ
271,NUT CIR7 FQ,NUT,CI,7,FQ
272,NUT CIR7 SQ,NUT,CI,7,SQ
273,NUT CDR1 HQ,NUT,CD,1,HQ
274,NUT CDR1 FQ,NUT,CD,1,FQ
275,NUT CDR1 SQ,NUT,CD,1,SQ
276,NUT CDR2 HQ,NUT,CD,2,HQ
277,NUT CDR2 FQ,NUT,CD,2,FQ
278,NUT CDR2 SQ,NUT,CD,2,SQ
279,NUT CDR3 HQ,NUT,CD,3,HQ
280,NUT CDR3 FQ,NUT,CD,3,FQ
281,NUT CDR3 SQ,NUT,CD,3,SQ
282,NUT CDR4 HQ,NUT,CD,4,HQ
283,NUT CDR4 FQ,NUT,CD,4,FQ
284,NUT CDR4 SQ,NUT,CD,4,SQ
285,NUT CDR5 HQ,NUT,CD,5,HQ
286,NUT CDR5 FQ,NUT,CD,5,FQ
287,NUT CDR5 SQ,NUT,CD,5,SQ
288,NUT CDR6 HQ,NUT,CD,6,HQ
289,NUT CDR6 FQ,NUT,CD,6,FQ
290,NUT CDR6 SQ,NUT,CD,6,SQ
291,NUT CDR7 HQ,NUT,CD,7,HQ
292,NUT CDR7 FQ,NUT,CD,7,FQ
293,NUT CDR7 SQ,NUT,CD,7,SQ
294,NUT ETR1 HQ,NUT,ET,1,HQ
295,NUT ETR1 FQ,NUT,ET,1,FQ
296,NUT ETR1 SQ,NUT,ET,1,SQ
297,NUT ETR2 HQ,NUT,ET,2,HQ
298,NUT ETR2 FQ,NUT,ET,2,FQ
299,NUT ETR2 SQ,NUT,ET,2,SQ
300,NUT ETR3 HQ,NUT,ET,3,HQ
301,NUT ETR3 FQ,NUT,ET,3,FQ
302,NUT ETR3 SQ,NUT,ET,3,SQ
303,NUT ETR4 HQ,NUT,ET,4,HQ
304,NUT ETR4 FQ,NUT,ET,4,FQ
305,NUT ETR4 SQ,NUT,ET,4,SQ
306,NUT ETR5 HQ,NUT,ET,5,HQ
307,NUT ETR5 FQ,NUT,ET,5,FQ
308,NUT ETR5 SQ,NUT,ET,5,SQ
309,NUT ETR6 HQ,NUT,ET,6,HQ
310,NUT ETR6 FQ,NUT,ET,6,FQ
311,NUT ETR6 SQ,NUT,ET,6,SQ
312,NUT ETR7 HQ,NUT,ET,7,HQ
313,NUT ETR7 FQ,NUT,ET,7,FQ
314,NUT ETR7 SQ,NUT,ET,7,SQ
315,NUT GHR1 HQ,NUT,GH,1,HQ
316,NUT GHR1 FQ,NUT,GH,1,FQ
317,NUT GHR1 SQ,NUT,GH,1,SQ
318,NUT GHR2 HQ,NUT,GH,2,HQ
319,NUT GHR2 FQ,NUT,GH,2,FQ
320,NUT GHR2 SQ,NUT,GH,2,SQ
321,NUT GHR3 HQ,NUT,GH,3,HQ
322,NUT GHR3 FQ,NUT,GH,3,FQ
323,NUT GHR3 SQ,NUT,GH,3,SQ
324,NUT GHR4 HQ,NUT,GH,4,HQ
325,NUT GHR4 FQ,NUT,GH,4,FQ
326,NUT GHR4 SQ,NUT,GH,4,SQ
327,NUT GHR5 HQ,NUT,GH,5,HQ
328,NUT GHR5 FQ,NUT,GH,5,FQ
329,NUT GHR5 SQ,NUT,GH,5,SQ
330,NUT GHR6 HQ,NUT,GH,6,HQ
331,NUT GHR6 FQ,NUT,GH,6,FQ
332,NUT GHR6 SQ,NUT,GH,6,SQ
333,NUT GHR7 HQ,NUT,GH,7,HQ
334,NUT GHR7 FQ,NUT,GH,7,FQ
335,NUT GHR7 SQ,NUT,GH,7,SQ
336,NUT INR1 HQ,NUT,IN,1,HQ
337,NUT INR1 FQ,NUT,IN,1,FQ
338,NUT INR1 SQ,NUT,IN,1,SQ
339,NUT INR2 HQ,NUT,IN,2,HQ
340,NUT INR2 FQ,NUT,IN,2,FQ
341,NUT INR2 SQ,NUT,IN,2,SQ
342,NUT INR3 HQ,NUT,IN,3,HQ
343,NUT INR3 FQ,NUT,IN,3,FQ
344,NUT INR3 SQ,NUT,IN,3,SQ
345,NUT INR4 HQ,NUT,IN,4,HQ
346,NUT INR4 FQ,NUT,IN,4,FQ
347,NUT INR4 SQ,NUT,IN,4,SQ
348,NUT INR5 HQ,NUT,IN,5,HQ
349,NUT INR5 FQ,NUT,IN,5,FQ
350,NUT INR5 SQ,NUT,IN,5,SQ
351,NUT INR6 HQ,NUT,IN,6,HQ
352,NUT INR6 FQ,NUT,IN,6,FQ
353,NUT INR6 SQ,NUT,IN,6,SQ
354,NUT INR7 HQ,NUT,IN,7,HQ
355,NUT INR7 FQ,NUT,IN,7,FQ
356,NUT INR7 SQ,NUT,IN,7,SQ
357,NUT IDR1 HQ,NUT,ID,1,HQ
358,NUT IDR1 FQ,NUT,ID,1,FQ
359,NUT IDR1 SQ,NUT,ID,1,SQ
360,NUT IDR2 HQ,NUT,ID,2,HQ
361,NUT IDR2 FQ,NUT,ID,2,FQ
362,NUT IDR2 SQ,NUT,ID,2,SQ
363,NUT IDR3 HQ,NUT,ID,3,HQ
364,NUT IDR3 FQ,NUT,ID,3,FQ
365,NUT IDR3 SQ,NUT,ID,3,SQ
366,NUT IDR4 HQ,NUT,ID,4,HQ
367,NUT IDR4 FQ,NUT,ID,4,FQ
368,NUT IDR4 SQ,NUT,ID,4,SQ
369,NUT IDR5 HQ,NUT,ID,5,HQ
370,NUT IDR5 FQ,NUT,ID,5,FQ
371,NUT IDR5 SQ,NUT,ID,5,SQ
372,NUT IDR6 HQ,NUT,ID,6,HQ
373,NUT IDR6 FQ,NUT,ID,6,FQ
374,NUT IDR6 SQ,NUT,ID,6,SQ
375,NUT IDR7 HQ,NUT,ID,7,HQ
376,NUT IDR7 FQ,NUT,ID,7,FQ
377,NUT IDR7 SQ,NUT,ID,7,SQ
378,NUT KER1 HQ,NUT,KE,1,HQ
379,NUT KER1 FQ,NUT,KE,1,FQ
380,NUT KER1 SQ,NUT,KE,1,SQ
381,NUT KER2 HQ,NUT,KE,2,HQ
382,NUT KER2 FQ,NUT,KE,2,FQ
383,NUT KER2 SQ,NUT,KE,2,SQ
384,NUT KER3 HQ,NUT,KE,3,HQ
385,NUT KER3 FQ,NUT,KE,3,FQ
386,NUT KER3 SQ,NUT,KE,3,SQ
387,NUT KER4 HQ,NUT,KE,4,HQ
388,NUT KER4 FQ,NUT,KE,4,FQ
389,NUT KER4 SQ,NUT,KE,4,SQ
390,NUT KER5 HQ,NUT,KE,5,HQ
391,NUT KER5 FQ,NUT,KE,5,FQ
392,NUT KER5 SQ,NUT,KE,5,SQ
393,NUT KER6 HQ,NUT,KE,6,HQ
394,NUT KER6 FQ,NUT,KE,6,FQ
395,NUT KER6 SQ,NUT,KE,6,SQ
396,NUT KER7 HQ,NUT,KE,7,HQ
397,NUT KER7 FQ,NUT,KE,7,FQ
398,NUT KER7 SQ,NUT,KE,7,SQ
399,NUT NGR1 HQ,NUT,NG,1,HQ
400,NUT NGR1 FQ,NUT,NG,1,FQ
401,NUT NGR1 SQ,NUT,NG,1,SQ
402,NUT NGR2 HQ,NUT,NG,2,HQ
403,NUT NGR2 FQ,NUT,NG,2,FQ
404,NUT NGR2 SQ,NUT,NG,2,SQ
405,NUT NGR3 HQ,NUT,NG,3,HQ
406,NUT NGR3 FQ,NUT,NG,3,FQ
407,NUT NGR3 SQ,NUT,NG,3,SQ
408,NUT NGR4 HQ,NUT,NG,4,HQ
409,NUT NGR4 FQ,NUT,NG,4,FQ
410,NUT NGR4 SQ,NUT,NG,4,SQ
411,NUT NGR5 HQ,NUT,NG,5,HQ
412,NUT NGR5 FQ,NUT,NG,5,FQ
413,NUT NGR5 SQ,NUT,NG,5,SQ
414,NUT NGR6 HQ,NUT,NG,6,HQ
415,NUT NGR6 FQ,NUT,NG,6,FQ
416,NUT NGR6 SQ,NUT,NG,6,SQ
417,NUT NGR7 HQ,NUT,NG,7,HQ
418,NUT NGR7 FQ,NUT,NG,7,FQ
419,NUT NGR7 SQ,NUT,NG,7,SQ
420,NUT NER1 HQ,NUT,NE,1,HQ
421,NUT NER1 FQ,NUT,NE,1,FQ
422,NUT NER1 SQ,NUT,NE,1,SQ
423,NUT NER2 HQ,NUT,NE,2,HQ
424,NUT NER2 FQ,NUT,NE,2,FQ
425,NUT NER2 SQ,NUT,NE,2,SQ
426,NUT NER3 HQ,NUT,NE,3,HQ
427,NUT NER3 FQ,NUT,NE,3,FQ
428,NUT NER3 SQ,NUT,NE,3,SQ
429,NUT NER4 HQ,NUT,NE,4,HQ
430,NUT NER4 FQ,NUT,NE,4,FQ
431,NUT NER4 SQ,NUT,NE,4,SQ
432,NUT NER5 HQ,NUT,NE,5,HQ
433,NUT NER5 FQ,NUT,NE,5,FQ
434,NUT NER5 SQ,NUT,NE,5,SQ
435,NUT NER6 HQ,NUT,NE,6,HQ
436,NUT NER6 FQ,NUT,NE,6,FQ
437,NUT NER6 SQ,NUT,NE,6,SQ
438,NUT NER7 HQ,NUT,NE,7,HQ
439,NUT NER7 FQ,NUT,NE,7,FQ
440,NUT NER7 SQ,NUT,NE,7,SQ
441,NUT UGR1 HQ,NUT,UG,1,HQ
442,NUT UGR1 FQ,NUT,UG,1,FQ
443,NUT UGR1 SQ,NUT,UG,1,SQ
444,NUT UGR2 HQ,NUT,UG,2,HQ
445,NUT UGR2 FQ,NUT,UG,2,FQ
446,NUT UGR2 SQ,NUT,UG,2,SQ
447,NUT UGR3 HQ,NUT,UG,3,HQ
448,NUT UGR3 FQ,NUT,UG,3,FQ
449,NUT UGR3 SQ,NUT,UG,3,SQ
450,NUT UGR4 HQ,NUT,UG,4,HQ
451,NUT UGR4 FQ,NUT,UG,4,FQ
452,NUT UGR4 SQ,NUT,UG,4,SQ
453,NUT UGR5 HQ,NUT,UG,5,HQ
454,NUT UGR5 FQ,NUT,UG,5,FQ
455,NUT UGR5 SQ,NUT,UG,5,SQ
456,NUT UGR6 HQ,NUT,UG,6,HQ
457,NUT UGR6 FQ,NUT,UG,6,FQ
458,NUT UGR6 SQ,NUT,UG,6,SQ
459,NUT UGR7 HQ,NUT,UG,7,HQ
460,NUT UGR7 FQ,NUT,UG,7,FQ
461,NUT UGR7 SQ,NUT,UG,7,SQ
462,MHM BFR1 HQ,MHM,BF,1,HQ
463,MHM BFR1 FQ,MHM,BF,1,FQ
464,MHM BFR1 SQ,MHM,BF,1,SQ
465,MHM BFR2 HQ,MHM,BF,2,HQ
466,MHM BFR2 FQ,MHM,BF,2,FQ
467,MHM BFR2 SQ,MHM,BF,2,SQ
468,MHM BFR3 HQ,MHM,BF,3,HQ
469,MHM BFR3 FQ,MHM,BF,3,FQ
470,MHM BFR3 SQ,MHM,BF,3,SQ
471,MHM BFR4 HQ,MHM,BF,4,HQ
472,MHM BFR4 FQ,MHM,BF,4,FQ
473,MHM BFR4 SQ,MHM,BF,4,SQ
474,MHM BFR5 HQ,MHM,BF,5,HQ
475,MHM BFR5 FQ,MHM,BF,5,FQ
476,MHM BFR5 SQ,MHM,BF,5,SQ
477,MHM BFR6 HQ,MHM,BF,6,HQ
478,MHM BFR6 FQ,MHM,BF,6,FQ
479,MHM BFR6 SQ,MHM,BF,6,SQ
480,MHM BFR7 HQ,MHM,BF,7,HQ
481,MHM BFR7 FQ,MHM,BF,7,FQ
482,MHM BFR7 SQ,MHM,BF,7,SQ
483,MHM CIR1 HQ,MHM,CI,1,HQ
484,MHM CIR1 FQ,MHM,CI,1,FQ
485,MHM CIR1 SQ,MHM,CI,1,SQ
486,MHM CIR2 HQ,MHM,CI,2,HQ
487,MHM CIR2 FQ,MHM,CI,2,FQ
488,MHM CIR2 SQ,MHM,CI,2,SQ
489,MHM CIR3 HQ,MHM,CI,3,HQ
490,MHM CIR3 FQ,MHM,CI,3,FQ
491,MHM CIR3 SQ,MHM,CI,3,SQ
492,MHM CIR4 HQ,MHM,CI,4,HQ
493,MHM CIR4 FQ,MHM,CI,4,FQ
494,MHM CIR4 SQ,MHM,CI,4,SQ
495,MHM CIR5 HQ,MHM,CI,5,HQ
496,MHM CIR5 FQ,MHM,CI,5,FQ
497,MHM CIR5 SQ,MHM,CI,5,SQ
498,MHM CIR6 HQ,MHM,CI,6,HQ
499,MHM CIR6 FQ,MHM,CI,6,FQ
500,MHM CIR6 SQ,MHM,CI,6,SQ
501,MHM CIR7 HQ,MHM,CI,7,HQ
502,MHM CIR7 FQ,MHM,CI,7,FQ
503,MHM CIR7 SQ,MHM,CI,7,SQ
504,MHM CDR1 HQ,MHM,CD,1,HQ
505,MHM CDR1 FQ,MHM,CD,1,FQ
506,MHM CDR1 SQ,MHM,CD,1,SQ
507,MHM CDR2 HQ,MHM,CD,2,HQ
508,MHM CDR2 FQ,MHM,CD,2,FQ
509,MHM CDR2 SQ,MHM,CD,2,SQ
510,MHM CDR3 HQ,MHM,CD,3,HQ
511,MHM CDR3 FQ,MHM,CD,3,FQ
512,MHM CDR3 SQ,MHM,CD,3,SQ
513,MHM CDR4 HQ,MHM,CD,4,HQ
514,MHM CDR4 FQ,MHM,CD,4,FQ
515,MHM CDR4 SQ,MHM,CD,4,SQ
516,MHM CDR5 HQ,MHM,CD,5,HQ
517,MHM CDR5 FQ,MHM,CD,5,FQ
518,MHM CDR5 SQ,MHM,CD,5,SQ
519,MHM CDR6 HQ,MHM,CD,6,HQ
520,MHM CDR6 FQ,MHM,CD,6,FQ
521,MHM CDR6 SQ,MHM,CD,6,SQ
522,MHM CDR7 HQ,MHM,CD,7,HQ
523,MHM CDR7 FQ,MHM,CD,7,FQ
524,MHM CDR7 SQ,MHM,CD,7,SQ
525,MHM ETR1 HQ,MHM,ET,1,HQ
526,MHM ETR1 FQ,MHM,ET,1,FQ
527,MHM ETR1 SQ,MHM,ET,1,SQ
528,MHM ETR2 HQ,MHM,ET,2,HQ
529,MHM ETR2 FQ,MHM,ET,2,FQ
530,MHM ETR2 SQ,MHM,ET,2,SQ
531,MHM ETR3 HQ,MHM,ET,3,HQ
532,MHM ETR3 FQ,MHM,ET,3,FQ
533,MHM ETR3 SQ,MHM,ET,3,SQ
534,MHM ETR4 HQ,MHM,ET,4,HQ
535,MHM ETR4 FQ,MHM,ET,4,FQ
536,MHM ETR4 SQ,MHM,ET,4,SQ
537,MHM ETR5 HQ,MHM,ET,5,HQ
538,MHM ETR5 FQ,MHM,ET,5,FQ
539,MHM ETR5 SQ,MHM,ET,5,SQ
540,MHM ETR6 HQ,MHM,ET,6,HQ
541,MHM ETR6 FQ,MHM,ET,6,FQ
542,MHM ETR6 SQ,MHM,ET,6,SQ
543,MHM ETR7 HQ,MHM,ET,7,HQ
544,MHM ETR7 FQ,MHM,ET,7,FQ
545,MHM ETR7 SQ,MHM,ET,7,SQ
546,MHM GHR1 HQ,MHM,GH,1,HQ
547,MHM GHR1 FQ,MHM,GH,1,FQ
548,MHM GHR1 SQ,MHM,GH,1,SQ
549,MHM GHR2 HQ,MHM,GH,2,HQ
550,MHM GHR2 FQ,MHM,GH,2,FQ
551,MHM GHR2 SQ,MHM,GH,2,SQ
552,MHM GHR3 HQ,MHM,GH,3,HQ
553,MHM GHR3 FQ,MHM,GH,3,FQ
554,MHM GHR3 SQ,MHM,GH,3,SQ
555,MHM GHR4 HQ,MHM,GH,4,HQ
556,MHM GHR4 FQ,MHM,GH,4,FQ
557,MHM GHR4 SQ,MHM,GH,4,SQ
558,MHM GHR5 HQ,MHM,GH,5,HQ
559,MHM GHR5 FQ,MHM,GH,5,FQ
560,MHM GHR5 SQ,MHM,GH,5,SQ
561,MHM GHR6 HQ,MHM,GH,6,HQ
562,MHM GHR6 FQ,MHM,GH,6,FQ
563,MHM GHR6 SQ,MHM,GH,6,SQ
564,MHM GHR7 HQ,MHM,GH,7,HQ
565,MHM GHR7 FQ,MHM,GH,7,FQ
566,MHM GHR7 SQ,MHM,GH,7,SQ
567,MHM INR1 HQ,MHM,IN,1,HQ
568,MHM INR1 FQ,MHM,IN,1,FQ
569,MHM INR1 SQ,MHM,IN,1,SQ
570,MHM INR2 HQ,MHM,IN,2,HQ
571,MHM INR2 FQ,MHM,IN,2,FQ
572,MHM INR2 SQ,MHM,IN,2,SQ
573,MHM INR3 HQ,MHM,IN,3,HQ
574,MHM INR3 FQ,MHM,IN,3,FQ
575,MHM INR3 SQ,MHM,IN,3,SQ
576,MHM INR4 HQ,MHM,IN,4,HQ
577,MHM INR4 FQ,MHM,IN,4,FQ
578,MHM INR4 SQ,MHM,IN,4,SQ
579,MHM INR5 HQ,MHM,IN,5,HQ
580,MHM INR5 FQ,MHM,IN,5,FQ
581,MHM INR5 SQ,MHM,IN,5,SQ
582,MHM INR6 HQ,MHM,IN,6,HQ
583,MHM INR6 FQ,MHM,IN,6,FQ
584,MHM INR6 SQ,MHM,IN,6,SQ
585,MHM INR7 HQ,MHM,IN,7,HQ
586,MHM INR7 FQ,MHM,IN,7,FQ
587,MHM INR7 SQ,MHM,IN,7,SQ
588,MHM IDR1 HQ,MHM,ID,1,HQ
589,MHM IDR1 FQ,MHM,ID,1,FQ
590,MHM IDR1 SQ,MHM,ID,1,SQ
591,MHM IDR2 HQ,MHM,ID,2,HQ
592,MHM IDR2 FQ,MHM,ID,2,FQ
593,MHM IDR2 SQ,MHM,ID,2,SQ
594,MHM IDR3 HQ,MHM,ID,3,HQ
595,MHM IDR3 FQ,MHM,ID,3,FQ
596,MHM IDR3 SQ,MHM,ID,3,SQ
597,MHM IDR4 HQ,MHM,ID,4,HQ
598,MHM IDR4 FQ,MHM,ID,4,FQ
599,MHM IDR4 SQ,MHM,ID,4,SQ
600,MHM IDR5 HQ,MHM,ID,5,HQ
601,MHM IDR5 FQ,MHM,ID,5,FQ
602,MHM IDR5 SQ,MHM,ID,5,SQ
603,MHM IDR6 HQ,MHM,ID,6,HQ
604,MHM IDR6 FQ,MHM,ID,6,FQ
605,MHM IDR6 SQ,MHM,ID,6,SQ
606,MHM IDR7 HQ,MHM,ID,7,HQ
607,MHM IDR7 FQ,MHM,ID,7,FQ
608,MHM IDR7 SQ,MHM,ID,7,SQ
609,MHM KER1 HQ,MHM,KE,1,HQ
610,MHM KER1 FQ,MHM,KE,1,FQ
611,MHM KER1 SQ,MHM,KE,1,SQ
612,MHM KER2 HQ,MHM,KE,2,HQ
613,MHM KER2 FQ,MHM,KE,2,FQ
614,MHM KER2 SQ,MHM,KE,2,SQ
615,MHM KER3 HQ,MHM,KE,3,HQ
616,MHM KER3 FQ,MHM,KE,3,FQ
617,MHM KER3 SQ,MHM,KE,3,SQ
618,MHM KER4 HQ,MHM,KE,4,HQ
619,MHM KER4 FQ,MHM,KE,4,FQ
620,MHM KER4 SQ,MHM,KE,4,SQ
621,MHM KER5 HQ,MHM,KE,5,HQ
622,MHM KER5 FQ,MHM,KE,5,FQ
623,MHM KER5 SQ,MHM,KE,5,SQ
624,MHM KER6 HQ,MHM,KE,6,HQ
625,MHM KER6 FQ,MHM,KE,6,FQ
626,MHM KER6 SQ,MHM,KE,6,SQ
627,MHM KER7 HQ,MHM,KE,7,HQ
628,MHM KER7 FQ,MHM,KE,7,FQ
629,MHM KER7 SQ,MHM,KE,7,SQ
630,MHM NGR1 HQ,MHM,NG,1,HQ
631,MHM NGR1 FQ,MHM,NG,1,FQ
632,MHM NGR1 SQ,MHM,NG,1,SQ
633,MHM NGR2 HQ,MHM,NG,2,HQ
634,MHM NGR2 FQ,MHM,NG,2,FQ
635,MHM NGR2 SQ,MHM,NG,2,SQ
636,MHM NGR3 HQ,MHM,NG,3,HQ
637,MHM NGR3 FQ,MHM,NG,3,FQ
638,MHM NGR3 SQ,MHM,NG,3,SQ
639,MHM NGR4 HQ,MHM,NG,4,HQ
640,MHM NGR4 FQ,MHM,NG,4,FQ
641,MHM NGR4 SQ,MHM,NG,4,SQ
642,MHM NGR5 HQ,MHM,NG,5,HQ
643,MHM NGR5 FQ,MHM,NG,5,FQ
644,MHM NGR5 SQ,MHM,NG,5,SQ
645,MHM NGR6 HQ,MHM,NG,6,HQ
646,MHM NGR6 FQ,MHM,NG,6,FQ
647,MHM NGR6 SQ,MHM,NG,6,SQ
648,MHM NGR7 HQ,MHM,NG,7,HQ
649,MHM NGR7 FQ,MHM,NG,7,FQ
650,MHM NGR7 SQ,MHM,NG,7,SQ
651,MHM NER1 HQ,MHM,NE,1,HQ
652,MHM NER1 FQ,MHM,NE,1,FQ
653,MHM NER1 SQ,MHM,NE,1,SQ
654,MHM NER2 HQ,MHM,NE,2,HQ
655,MHM NER2 FQ,MHM,NE,2,FQ
656,MHM NER2 SQ,MHM,NE,2,SQ
657,MHM NER3 HQ,MHM,NE,3,HQ
658,MHM NER3 FQ,MHM,NE,3,FQ
659,MHM NER3 SQ,MHM,NE,3,SQ
660,MHM NER4 HQ,MHM,NE,4,HQ
661,MHM NER4 FQ,MHM,NE,4,FQ
662,MHM NER4 SQ,MHM,NE,4,SQ
663,MHM NER5 HQ,MHM,NE,5,HQ
664,MHM NER5 FQ,MHM,NE,5,FQ
665,MHM NER5 SQ,MHM,NE,5,SQ
666,MHM NER6 HQ,MHM,NE,6,HQ
667,MHM NER6 FQ,MHM,NE,6,FQ
668,MHM NER6 SQ,MHM,NE,6,SQ
669,MHM NER7 HQ,MHM,NE,7,HQ
670,MHM NER7 FQ,MHM,NE,7,FQ
671,MHM NER7 SQ,MHM,NE,7,SQ
672,MHM UGR1 HQ,MHM,UG,1,HQ
673,MHM UGR1 FQ,MHM,UG,1,FQ
674,MHM UGR1 SQ,MHM,UG,1,SQ
675,MHM UGR2 HQ,MHM,UG,2,HQ
676,MHM UGR2 FQ,MHM,UG,2,FQ
677,MHM UGR2 SQ,MHM,UG,2,SQ
678,MHM UGR3 HQ,MHM,UG,3,HQ
679,MHM UGR3 FQ,MHM,UG,3,FQ
680,MHM UGR3 SQ,MHM,UG,3,SQ
681,MHM UGR4 HQ,MHM,UG,4,HQ
682,MHM UGR4 FQ,MHM,UG,4,FQ
683,MHM UGR4 SQ,MHM,UG,4,SQ
684,MHM UGR5 HQ,MHM,UG,5,HQ
685,MHM UGR5 FQ,MHM,UG,5,FQ
686,MHM UGR5 SQ,MHM,UG,5,SQ
687,MHM UGR6 HQ,MHM,UG,6,HQ
688,MHM UGR6 FQ,MHM,UG,6,FQ
689,MHM UGR6 SQ,MHM,UG,6,SQ
690,MHM UGR7 HQ,MHM,UG,7,HQ
691,MHM UGR7 FQ,MHM,UG,7,FQ
692,MHM UGR7 SQ,MHM,UG,7,SQ
693,SCI BFR1 HQ,SCI,BF,1,HQ
694,SCI BFR1 FQ,SCI,BF,1,FQ
695,SCI BFR1 SQ,SCI,BF,1,SQ
696,SCI BFR2 HQ,SCI,BF,2,HQ
697,SCI BFR2 FQ,SCI,BF,2,FQ
698,SCI BFR2 SQ,SCI,BF,2,SQ
699,SCI BFR3 HQ,SCI,BF,3,HQ
700,SCI BFR3 FQ,SCI,BF,3,FQ
701,SCI BFR3 SQ,SCI,BF,3,SQ
702,SCI BFR4 HQ,SCI,BF,4,HQ
703,SCI BFR4 FQ,SCI,BF,4,FQ
704,SCI BFR4 SQ,SCI,BF,4,SQ
705,SCI BFR5 HQ,SCI,BF,5,HQ
706,SCI BFR5 FQ,SCI,BF,5,FQ
707,SCI BFR5 SQ,SCI,BF,5,SQ
708,SCI BFR6 HQ,SCI,BF,6,HQ
709,SCI BFR6 FQ,SCI,BF,6,FQ
710,SCI BFR6 SQ,SCI,BF,6,SQ
711,SCI BFR7 HQ,SCI,BF,7,HQ
712,SCI BFR7 FQ,SCI,BF,7,FQ
713,SCI BFR7 SQ,SCI,BF,7,SQ
714,SCI CIR1 HQ,SCI,CI,1,HQ
715,SCI CIR1 FQ,SCI,CI,1,FQ
716,SCI CIR1 SQ,SCI,CI,1,SQ
717,SCI CIR2 HQ,SCI,CI,2,HQ
718,SCI CIR2 FQ,SCI,CI,2,FQ
719,SCI CIR2 SQ,SCI,CI,2,SQ
720,SCI CIR3 HQ,SCI,CI,3,HQ
721,SCI CIR3 FQ,SCI,CI,3,FQ
722,SCI CIR3 SQ,SCI,CI,3,SQ
723,SCI CIR4 HQ,SCI,CI,4,HQ
724,SCI CIR4 FQ,SCI,CI,4,FQ
725,SCI CIR4 SQ,SCI,CI,4,SQ
726,SCI CIR5 HQ,SCI,CI,5,HQ
727,SCI CIR5 FQ,SCI,CI,5,FQ
728,SCI CIR5 SQ,SCI,CI,5,SQ
729,SCI CIR6 HQ,SCI,CI,6,HQ
730,SCI CIR6 FQ,SCI,CI,6,FQ
731,SCI CIR6 SQ,SCI,CI,6,SQ
732,SCI CIR7 HQ,SCI,CI,7,HQ
733,SCI CIR7 FQ,SCI,CI,7,FQ
734,SCI CIR7 SQ,SCI,CI,7,SQ
735,SCI CDR1 HQ,SCI,CD,1,HQ
736,SCI CDR1 FQ,SCI,CD,1,FQ
737,SCI CDR1 SQ,SCI,CD,1,SQ
738,SCI CDR2 HQ,SCI,CD,2,HQ
739,SCI CDR2 FQ,SCI,CD,2,FQ
740,SCI CDR2 SQ,SCI,CD,2,SQ
741,SCI CDR3 HQ,SCI,CD,3,HQ
742,SCI CDR3 FQ,SCI,CD,3,FQ
743,SCI CDR3 SQ,SCI,CD,3,SQ
744,SCI CDR4 HQ,SCI,CD,4,HQ
745,SCI CDR4 FQ,SCI,CD,4,FQ
746,SCI CDR4 SQ,SCI,CD,4,SQ
747,SCI CDR5 HQ,SCI,CD,5,HQ
748,SCI CDR5 FQ,SCI,CD,5,FQ
749,SCI CDR5 SQ,SCI,CD,5,SQ
750,SCI CDR6 HQ,SCI,CD,6,HQ
751,SCI CDR6 FQ,SCI,CD,6,FQ
752,SCI CDR6 SQ,SCI,CD,6,SQ
753,SCI CDR7 HQ,SCI,CD,7,HQ
754,SCI CDR7 FQ,SCI,CD,7,FQ
755,SCI CDR7 SQ,SCI,CD,7,SQ
756,SCI ETR1 HQ,SCI,ET,1,HQ
757,SCI ETR1 FQ,SCI,ET,1,FQ
758,SCI ETR1 SQ,SCI,ET,1,SQ
759,SCI ETR2 HQ,SCI,ET,2,HQ
760,SCI ETR2 FQ,SCI,ET,2,FQ
761,SCI ETR2 SQ,SCI,ET,2,SQ
762,SCI ETR3 HQ,SCI,ET,3,HQ
763,SCI ETR3 FQ,SCI,ET,3,FQ
764,SCI ETR3 SQ,SCI,ET,3,SQ
765,SCI ETR4 HQ,SCI,ET,4,HQ
766,SCI ETR4 FQ,SCI,ET,4,FQ
767,SCI ETR4 SQ,SCI,ET,4,SQ
768,SCI ETR5 HQ,SCI,ET,5,HQ
769,SCI ETR5 FQ,SCI,ET,5,FQ
770,SCI ETR5 SQ,SCI,ET,5,SQ
771,SCI ETR6 HQ,SCI,ET,6,HQ
772,SCI ETR6 FQ,SCI,ET,6,FQ
773,SCI ETR6 SQ,SCI,ET,6,SQ
774,SCI ETR7 HQ,SCI,ET,7,HQ
775,SCI ETR7 FQ,SCI,ET,7,FQ
776,SCI ETR7 SQ,SCI,ET,7,SQ
777,SCI GHR1 HQ,SCI,GH,1,HQ
778,SCI GHR1 FQ,SCI,GH,1,FQ
779,SCI GHR1 SQ,SCI,GH,1,SQ
780,SCI GHR2 HQ,SCI,GH,2,HQ
781,SCI GHR2 FQ,SCI,GH,2,FQ
782,SCI GHR2 SQ,SCI,GH,2,SQ
783,SCI GHR3 HQ,SCI,GH,3,HQ
784,SCI GHR3 FQ,SCI,GH,3,FQ
785,SCI GHR3 SQ,SCI,GH,3,SQ
786,SCI GHR4 HQ,SCI,GH,4,HQ
787,SCI GHR4 FQ,SCI,GH,4,FQ
788,SCI GHR4 SQ,SCI,GH,4,SQ
789,SCI GHR5 HQ,SCI,GH,5,HQ
790,SCI GHR5 FQ,SCI,GH,5,FQ
791,SCI GHR5 SQ,SCI,GH,5,SQ
792,SCI GHR6 HQ,SCI,GH,6,HQ
793,SCI GHR6 FQ,SCI,GH,6,FQ
794,SCI GHR6 SQ,SCI,GH,6,SQ
795,SCI GHR7 HQ,SCI,GH,7,HQ
796,SCI GHR7 FQ,SCI,GH,7,FQ
797,SCI GHR7 SQ,SCI,GH,7,SQ
798,SCI INR1 HQ,SCI,IN,1,HQ
799,SCI INR1 FQ,SCI,IN,1,FQ
800,SCI INR1 SQ,SCI,IN,1,SQ
801,SCI INR2 HQ,SCI,IN,2,HQ
802,SCI INR2 FQ,SCI,IN,2,FQ
803,SCI INR2 SQ,SCI,IN,2,SQ
804,SCI INR3 HQ,SCI,IN,3,HQ
805,SCI INR3 FQ,SCI,IN,3,FQ
806,SCI INR3 SQ,SCI,IN,3,SQ
807,SCI INR4 HQ,SCI,IN,4,HQ
808,SCI INR4 FQ,SCI,IN,4,FQ
809,SCI INR4 SQ,SCI,IN,4,SQ
810,SCI INR5 HQ,SCI,IN,5,HQ
811,SCI INR5 FQ,SCI,IN,5,FQ
812,SCI INR5 SQ,SCI,IN,5,SQ
813,SCI INR6 HQ,SCI,IN,6,HQ
814,SCI INR6 FQ,SCI,IN,6,FQ
815,SCI INR6 SQ,SCI,IN,6,SQ
816,SCI INR7 HQ,SCI,IN,7,HQ
817,SCI INR7 FQ,SCI,IN,7,FQ
818,SCI INR7 SQ,SCI,IN,7,SQ
819,SCI IDR1 HQ,SCI,ID,1,HQ
820,SCI IDR1 FQ,SCI,ID,1,FQ
821,SCI IDR1 SQ,SCI,ID,1,SQ
822,SCI IDR2 HQ,SCI,ID,2,HQ
823,SCI IDR2 FQ,SCI,ID,2,FQ
824,SCI IDR2 SQ,SCI,ID,2,SQ
825,SCI IDR3 HQ,SCI,ID,3,HQ
826,SCI IDR3 FQ,SCI,ID,3,FQ
827,SCI IDR3 SQ,SCI,ID,3,SQ
828,SCI IDR4 HQ,SCI,ID,4,HQ
829,SCI IDR4 FQ,SCI,ID,4,FQ
830,SCI IDR4 SQ,SCI,ID,4,SQ
831,SCI IDR5 HQ,SCI,ID,5,HQ
832,SCI IDR5 FQ,SCI,ID,5,FQ
833,SCI IDR5 SQ,SCI,ID,5,SQ
834,SCI IDR6 HQ,SCI,ID,6,HQ
835,SCI IDR6 FQ,SCI,ID,6,FQ
836,SCI IDR6 SQ,SCI,ID,6,SQ
837,SCI IDR7 HQ,SCI,ID,7,HQ
838,SCI IDR7 FQ,SCI,ID,7,FQ
839,SCI IDR7 SQ,SCI,ID,7,SQ
840,SCI KER1 HQ,SCI,KE,1,HQ
841,SCI KER1 FQ,SCI,KE,1,FQ
842,SCI KER1 SQ,SCI,KE,1,SQ
843,SCI KER2 HQ,SCI,KE,2,HQ
844,SCI KER2 FQ,SCI,KE,2,FQ
845,SCI KER2 SQ,SCI,KE,2,SQ
846,SCI KER3 HQ,SCI,KE,3,HQ
847,SCI KER3 FQ,SCI,KE,3,FQ
848,SCI KER3 SQ,SCI,KE,3,SQ
849,SCI KER4 HQ,SCI,KE,4,HQ
850,SCI KER4 FQ,SCI,KE,4,FQ
851,SCI KER4 SQ,SCI,KE,4,SQ
852,SCI KER5 HQ,SCI,KE,5,HQ
853,SCI KER5 FQ,SCI,KE,5,FQ
854,SCI KER5 SQ,SCI,KE,5,SQ
855,SCI KER6 HQ,SCI,KE,6,HQ
856,SCI KER6 FQ,SCI,KE,6,FQ
857,SCI KER6 SQ,SCI,KE,6,SQ
858,SCI KER7 HQ,SCI,KE,7,HQ
859,SCI KER7 FQ,SCI,KE,7,FQ
860,SCI KER7 SQ,SCI,KE,7,SQ
861,SCI NGR1 HQ,SCI,NG,1,HQ
862,SCI NGR1 FQ,SCI,NG,1,FQ
863,SCI NGR1 SQ,SCI,NG,1,SQ
864,SCI NGR2 HQ,SCI,NG,2,HQ
865,SCI NGR2 FQ,SCI,NG,2,FQ
866,SCI NGR2 SQ,SCI,NG,2,SQ
867,SCI NGR3 HQ,SCI,NG,3,HQ
868,SCI NGR3 FQ,SCI,NG,3,FQ
869,SCI NGR3 SQ,SCI,NG,3,SQ
870,SCI NGR4 HQ,SCI,NG,4,HQ
871,SCI NGR4 FQ,SCI,NG,4,FQ
872,SCI NGR4 SQ,SCI,NG,4,SQ
873,SCI NGR5 HQ,SCI,NG,5,HQ
874,SCI NGR5 FQ,SCI,NG,5,FQ
875,SCI NGR5 SQ,SCI,NG,5,SQ
876,SCI NGR6 HQ,SCI,NG,6,HQ
877,SCI NGR6 FQ,SCI,NG,6,FQ
878,SCI NGR6 SQ,SCI,NG,6,SQ
879,SCI NGR7 HQ,SCI,NG,7,HQ
880,SCI NGR7 FQ,SCI,NG,7,FQ
881,SCI NGR7 SQ,SCI,NG,7,SQ
882,SCI NER1 HQ,SCI,NE,1,HQ
883,SCI NER1 FQ,SCI,NE,1,FQ
884,SCI NER1 SQ,SCI,NE,1,SQ
885,SCI NER2 HQ,SCI,NE,2,HQ
886,SCI NER2 FQ,SCI,NE,2,FQ
887,SCI NER2 SQ,SCI,NE,2,SQ
888,SCI NER3 HQ,SCI,NE,3,HQ
889,SCI NER3 FQ,SCI,NE,3,FQ
890,SCI NER3 SQ,SCI,NE,3,SQ
891,SCI NER4 HQ,SCI,NE,4,HQ
892,SCI NER4 FQ,SCI,NE,4,FQ
893,SCI NER4 SQ,SCI,NE,4,SQ
894,SCI NER5 HQ,SCI,NE,5,HQ
895,SCI NER5 FQ,SCI,NE,5,FQ
896,SCI NER5 SQ,SCI,NE,5,SQ
897,SCI NER6 HQ,SCI,NE,6,HQ
898,SCI NER6 FQ,SCI,NE,6,FQ
899,SCI NER6 SQ,SCI,NE,6,SQ
900,SCI NER7 HQ,SCI,NE,7,HQ
901,SCI NER7 FQ,SCI,NE,7,FQ
902,SCI NER7 SQ,SCI,NE,7,SQ
903,SCI UGR1 HQ,SCI,UG,1,HQ
904,SCI UGR1 FQ,SCI,UG,1,FQ
905,SCI UGR1 SQ,SCI,UG,1,SQ
906,SCI UGR2 HQ,SCI,UG,2,HQ
907,SCI UGR2 FQ,SCI,UG,2,FQ
908,SCI UGR2 SQ,SCI,UG,2,SQ
909,SCI UGR3 HQ,SCI,UG,3,HQ
910,SCI UGR3 FQ,SCI,UG,3,FQ
911,SCI UGR3 SQ,SCI,UG,3,SQ
912,SCI UGR4 HQ,SCI,UG,4,HQ
913,SCI UGR4 FQ,SCI,UG,4,FQ
914,SCI UGR4 SQ,SCI,UG,4,SQ
915,SCI UGR5 HQ,SCI,UG,5,HQ
916,SCI UGR5 FQ,SCI,UG,5,FQ
917,SCI UGR5 SQ,SCI,UG,5,SQ
918,SCI UGR6 HQ,SCI,UG,6,HQ
919,SCI UGR6 FQ,SCI,UG,6,FQ
920,SCI UGR6 SQ,SCI,UG,6,SQ
921,SCI UGR7 HQ,SCI,UG,7,HQ
922,SCI UGR7 FQ,SCI,UG,7,FQ
923,SCI UGR7 SQ,SCI,UG,7,SQ
924,ABT BFR1 HQ,ABT,BF,1,HQ
925,ABT BFR1 FQ,ABT,BF,1,FQ
926,ABT BFR1 SQ,ABT,BF,1,SQ
927,ABT BFR2 HQ,ABT,BF,2,HQ
928,ABT BFR2 FQ,ABT,BF,2,FQ
929,ABT BFR2 SQ,ABT,BF,2,SQ
930,ABT BFR3 HQ,ABT,BF,3,HQ
931,ABT BFR3 FQ,ABT,BF,3,FQ
932,ABT BFR3 SQ,ABT,BF,3,SQ
933,ABT BFR4 HQ,ABT,BF,4,HQ
934,ABT BFR4 FQ,ABT,BF,4,FQ
935,ABT BFR4 SQ,ABT,BF,4,SQ
936,ABT BFR5 HQ,ABT,BF,5,HQ
937,ABT BFR5 FQ,ABT,BF,5,FQ
938,ABT BFR5 SQ,ABT,BF,5,SQ
939,ABT BFR6 HQ,ABT,BF,6,HQ
940,ABT BFR6 FQ,ABT,BF,6,FQ
941,ABT BFR6 SQ,ABT,BF,6,SQ
942,ABT BFR7 HQ,ABT,BF,7,HQ
943,ABT BFR7 FQ,ABT,BF,7,FQ
944,ABT BFR7 SQ,ABT,BF,7,SQ
945,ABT CIR1 HQ,ABT,CI,1,HQ
946,ABT CIR1 FQ,ABT,CI,1,FQ
947,ABT CIR1 SQ,ABT,CI,1,SQ
948,ABT CIR2 HQ,ABT,CI,2,HQ
949,ABT CIR2 FQ,ABT,CI,2,FQ
950,ABT CIR2 SQ,ABT,CI,2,SQ
951,ABT CIR3 HQ,ABT,CI,3,HQ
952,ABT CIR3 FQ,ABT,CI,3,FQ
953,ABT CIR3 SQ,ABT,CI,3,SQ
954,ABT CIR4 HQ,ABT,CI,4,HQ
955,ABT CIR4 FQ,ABT,CI,4,FQ
956,ABT CIR4 SQ,ABT,CI,4,SQ
957,ABT CIR5 HQ,ABT,CI,5,HQ
958,ABT CIR5 FQ,ABT,CI,5,FQ
959,ABT CIR5 SQ,ABT,CI,5,SQ
960,ABT CIR6 HQ,ABT,CI,6,HQ
961,ABT CIR6 FQ,ABT,CI,6,FQ
962,ABT CIR6 SQ,ABT,CI,6,SQ
963,ABT CIR7 HQ,ABT,CI,7,HQ
964,ABT CIR7 FQ,ABT,CI,7,FQ
965,ABT CIR7 SQ,ABT,CI,7,SQ
966,ABT CDR1 HQ,ABT,CD,1,HQ
967,ABT CDR1 FQ,ABT,CD,1,FQ
968,ABT CDR1 SQ,ABT,CD,1,SQ
969,ABT CDR2 HQ,ABT,CD,2,HQ
970,ABT CDR2 FQ,ABT,CD,2,FQ
971,ABT CDR2 SQ,ABT,CD,2,SQ
972,ABT CDR3 HQ,ABT,CD,3,HQ
973,ABT CDR3 FQ,ABT,CD,3,FQ
974,ABT CDR3 SQ,ABT,CD,3,SQ
975,ABT CDR4 HQ,ABT,CD,4,HQ
976,ABT CDR4 FQ,ABT,CD,4,FQ
977,ABT CDR4 SQ,ABT,CD,4,SQ
978,ABT CDR5 HQ,ABT,CD,5,HQ
979,ABT CDR5 FQ,ABT,CD,5,FQ
980,ABT CDR5 SQ,ABT,CD,5,SQ
981,ABT CDR6 HQ,ABT,CD,6,HQ
982,ABT CDR6 FQ,ABT,CD,6,FQ
983,ABT CDR6 SQ,ABT,CD,6,SQ
984,ABT CDR7 HQ,ABT,CD,7,HQ
985,ABT CDR7 FQ,ABT,CD,7,FQ
986,ABT CDR7 SQ,ABT,CD,7,SQ
987,ABT ETR1 HQ,ABT,ET,1,HQ
988,ABT ETR1 FQ,ABT,ET,1,FQ
989,ABT ETR1 SQ,ABT,ET,1,SQ
990,ABT ETR2 HQ,ABT,ET,2,HQ
991,ABT ETR2 FQ,ABT,ET,2,FQ
992,ABT ETR2 SQ,ABT,ET,2,SQ
993,ABT ETR3 HQ,ABT,ET,3,HQ
994,ABT ETR3 FQ,ABT,ET,3,FQ
995,ABT ETR3 SQ,ABT,ET,3,SQ
996,ABT ETR4 HQ,ABT,ET,4,HQ
997,ABT ETR4 FQ,ABT,ET,4,FQ
998,ABT ETR4 SQ,ABT,ET,4,SQ
999,ABT ETR5 HQ,ABT,ET,5,HQ
1000,ABT ETR5 FQ,ABT,ET,5,FQ
1001,ABT ETR5 SQ,ABT,ET,5,SQ
1002,ABT ETR6 HQ,ABT,ET,6,HQ
1003,ABT ETR6 FQ,ABT,ET,6,FQ
1004,ABT ETR6 SQ,ABT,ET,6,SQ
1005,ABT ETR7 HQ,ABT,ET,7,HQ
1006,ABT ETR7 FQ,ABT,ET,7,FQ
1007,ABT ETR7 SQ,ABT,ET,7,SQ
1008,ABT GHR1 HQ,ABT,GH,1,HQ
1009,ABT GHR1 FQ,ABT,GH,1,FQ
1010,ABT GHR1 SQ,ABT,GH,1,SQ
1011,ABT GHR2 HQ,ABT,GH,2,HQ
1012,ABT GHR2 FQ,ABT,GH,2,FQ
1013,ABT GHR2 SQ,ABT,GH,2,SQ
1014,ABT GHR3 HQ,ABT,GH,3,HQ
1015,ABT GHR3 FQ,ABT,GH,3,FQ
1016,ABT GHR3 SQ,ABT,GH,3,SQ
1017,ABT GHR4 HQ,ABT,GH,4,HQ
1018,ABT GHR4 FQ,ABT,GH,4,FQ
1019,ABT GHR4 SQ,ABT,GH,4,SQ
1020,ABT GHR5 HQ,ABT,GH,5,HQ
1021,ABT GHR5 FQ,ABT,GH,5,FQ
1022,ABT GHR5 SQ,ABT,GH,5,SQ
1023,ABT GHR6 HQ,ABT,GH,6,HQ
1024,ABT GHR6 FQ,ABT,GH,6,FQ
1025,ABT GHR6 SQ,ABT,GH,6,SQ
1026,ABT GHR7 HQ,ABT,GH,7,HQ
1027,ABT GHR7 FQ,ABT,GH,7,FQ
1028,ABT GHR7 SQ,ABT,GH,7,SQ
1029,ABT INR1 HQ,ABT,IN,1,HQ
1030,ABT INR1 FQ,ABT,IN,1,FQ
1031,ABT INR1 SQ,ABT,IN,1,SQ
1032,ABT INR2 HQ,ABT,IN,2,HQ
1033,ABT INR2 FQ,ABT,IN,2,FQ
1034,ABT INR2 SQ,ABT,IN,2,SQ
1035,ABT INR3 HQ,ABT,IN,3,HQ
1036,ABT INR3 FQ,ABT,IN,3,FQ
1037,ABT INR3 SQ,ABT,IN,3,SQ
1038,ABT INR4 HQ,ABT,IN,4,HQ
1039,ABT INR4 FQ,ABT,IN,4,FQ
1040,ABT INR4 SQ,ABT,IN,4,SQ
1041,ABT INR5 HQ,ABT,IN,5,HQ
1042,ABT INR5 FQ,ABT,IN,5,FQ
1043,ABT INR5 SQ,ABT,IN,5,SQ
1044,ABT INR6 HQ,ABT,IN,6,HQ
1045,ABT INR6 FQ,ABT,IN,6,FQ
1046,ABT INR6 SQ,ABT,IN,6,SQ
1047,ABT INR7 HQ,ABT,IN,7,HQ
1048,ABT INR7 FQ,ABT,IN,7,FQ
1049,ABT INR7 SQ,ABT,IN,7,SQ
1050,ABT IDR1 HQ,ABT,ID,1,HQ
1051,ABT IDR1 FQ,ABT,ID,1,FQ
1052,ABT IDR1 SQ,ABT,ID,1,SQ
1053,ABT IDR2 HQ,ABT,ID,2,HQ
1054,ABT IDR2 FQ,ABT,ID,2,FQ
1055,ABT IDR2 SQ,ABT,ID,2,SQ
1056,ABT IDR3 HQ,ABT,ID,3,HQ
1057,ABT IDR3 FQ,ABT,ID,3,FQ
1058,ABT IDR3 SQ,ABT,ID,3,SQ
1059,ABT IDR4 HQ,ABT,ID,4,HQ
1060,ABT IDR4 FQ,ABT,ID,4,FQ
1061,ABT IDR4 SQ,ABT,ID,4,SQ
1062,ABT IDR5 HQ,ABT,ID,5,HQ
1063,ABT IDR5 FQ,ABT,ID,5,FQ
1064,ABT IDR5 SQ,ABT,ID,5,SQ
1065,ABT IDR6 HQ,ABT,ID,6,HQ
1066,ABT IDR6 FQ,ABT,ID,6,FQ
1067,ABT IDR6 SQ,ABT,ID,6,SQ
1068,ABT IDR7 HQ,ABT,ID,7,HQ
1069,ABT IDR7 FQ,ABT,ID,7,FQ
1070,ABT IDR7 SQ,ABT,ID,7,SQ
1071,ABT KER1 HQ,ABT,KE,1,HQ
1072,ABT KER1 FQ,ABT,KE,1,FQ
1073,ABT KER1 SQ,ABT,KE,1,SQ
1074,ABT KER2 HQ,ABT,KE,2,HQ
1075,ABT KER2 FQ,ABT,KE,2,FQ
1076,ABT KER2 SQ,ABT,KE,2,SQ
1077,ABT KER3 HQ,ABT,KE,3,HQ
1078,ABT KER3 FQ,ABT,KE,3,FQ
1079,ABT KER3 SQ,ABT,KE,3,SQ
1080,ABT KER4 HQ,ABT,KE,4,HQ
1081,ABT KER4 FQ,ABT,KE,4,FQ
1082,ABT KER4 SQ,ABT,KE,4,SQ
1083,ABT KER5 HQ,ABT,KE,5,HQ
1084,ABT KER5 FQ,ABT,KE,5,FQ
1085,ABT KER5 SQ,ABT,KE,5,SQ
1086,ABT KER6 HQ,ABT,KE,6,HQ
1087,ABT KER6 FQ,ABT,KE,6,FQ
1088,ABT KER6 SQ,ABT,KE,6,SQ
1089,ABT KER7 HQ,ABT,KE,7,HQ
1090,ABT KER7 FQ,ABT,KE,7,FQ
1091,ABT KER7 SQ,ABT,KE,7,SQ
1092,ABT NGR1 HQ,ABT,NG,1,HQ
1093,ABT NGR1 FQ,ABT,NG,1,FQ
1094,ABT NGR1 SQ,ABT,NG,1,SQ
1095,ABT NGR2 HQ,ABT,NG,2,HQ
1096,ABT NGR2 FQ,ABT,NG,2,FQ
1097,ABT NGR2 SQ,ABT,NG,2,SQ
1098,ABT NGR3 HQ,ABT,NG,3,HQ
1099,ABT NGR3 FQ,ABT,NG,3,FQ
1100,ABT NGR3 SQ,ABT,NG,3,SQ
1101,ABT NGR4 HQ,ABT,NG,4,HQ
1102,ABT NGR4 FQ,ABT,NG,4,FQ
1103,ABT NGR4 SQ,ABT,NG,4,SQ
1104,ABT NGR5 HQ,ABT,NG,5,HQ
1105,ABT NGR5 FQ,ABT,NG,5,FQ
1106,ABT NGR5 SQ,ABT,NG,5,SQ
1107,ABT NGR6 HQ,ABT,NG,6,HQ
1108,ABT NGR6 FQ,ABT,NG,6,FQ
1109,ABT NGR6 SQ,ABT,NG,6,SQ
1110,ABT NGR7 HQ,ABT,NG,7,HQ
1111,ABT NGR7 FQ,ABT,NG,7,FQ
1112,ABT NGR7 SQ,ABT,NG,7,SQ
1113,ABT NER1 HQ,ABT,NE,1,HQ
1114,ABT NER1 FQ,ABT,NE,1,FQ
1115,ABT NER1 SQ,ABT,NE,1,SQ
1116,ABT NER2 HQ,ABT,NE,2,HQ
1117,ABT NER2 FQ,ABT,NE,2,FQ
1118,ABT NER2 SQ,ABT,NE,2,SQ
1119,ABT NER3 HQ,ABT,NE,3,HQ
1120,ABT NER3 FQ,ABT,NE,3,FQ
1121,ABT NER3 SQ,ABT,NE,3,SQ
1122,ABT NER4 HQ,ABT,NE,4,HQ
1123,ABT NER4 FQ,ABT,NE,4,FQ
1124,ABT NER4 SQ,ABT,NE,4,SQ
1125,ABT NER5 HQ,ABT,NE,5,HQ
1126,ABT NER5 FQ,ABT,NE,5,FQ
1127,ABT NER5 SQ,ABT,NE,5,SQ
1128,ABT NER6 HQ,ABT,NE,6,HQ
1129,ABT NER6 FQ,ABT,NE,6,FQ
1130,ABT NER6 SQ,ABT,NE,6,SQ
1131,ABT NER7 HQ,ABT,NE,7,HQ
1132,ABT NER7 FQ,ABT,NE,7,FQ
1133,ABT NER7 SQ,ABT,NE,7,SQ
1134,ABT UGR1 HQ,ABT,UG,1,HQ
1135,ABT UGR1 FQ,ABT,UG,1,FQ
1136,ABT UGR1 SQ,ABT,UG,1,SQ
1137,ABT UGR2 HQ,ABT,UG,2,HQ
1138,ABT UGR2 FQ,ABT,UG,2,FQ
1139,ABT UGR2 SQ,ABT,UG,2,SQ
1140,ABT UGR3 HQ,ABT,UG,3,HQ
1141,ABT UGR3 FQ,ABT,UG,3,FQ
1142,ABT UGR3 SQ,ABT,UG,3,SQ
1143,ABT UGR4 HQ,ABT,UG,4,HQ
1144,ABT UGR4 FQ,ABT,UG,4,FQ
1145,ABT UGR4 SQ,ABT,UG,4,SQ
1146,ABT UGR5 HQ,ABT,UG,5,HQ
1147,ABT UGR5 FQ,ABT,UG,5,FQ
1148,ABT UGR5 SQ,ABT,UG,5,SQ
1149,ABT UGR6 HQ,ABT,UG,6,HQ
1150,ABT UGR6 FQ,ABT,UG,6,FQ
1151,ABT UGR6 SQ,ABT,UG,6,SQ
1152,ABT UGR7 HQ,ABT,UG,7,HQ
1153,ABT UGR7 FQ,ABT,UG,7,FQ
1154,ABT UGR7 SQ,ABT,UG,7,SQ
1155,GGR BFR1 HQ,GGR,BF,1,HQ
1156,GGR BFR1 FQ,GGR,BF,1,FQ
1157,GGR BFR1 SQ,GGR,BF,1,SQ
1158,GGR BFR2 HQ,GGR,BF,2,HQ
1159,GGR BFR2 FQ,GGR,BF,2,FQ
1160,GGR BFR2 SQ,GGR,BF,2,SQ
1161,GGR BFR3 HQ,GGR,BF,3,HQ
1162,GGR BFR3 FQ,GGR,BF,3,FQ
1163,GGR BFR3 SQ,GGR,BF,3,SQ
1164,GGR BFR4 HQ,GGR,BF,4,HQ
1165,GGR BFR4 FQ,GGR,BF,4,FQ
1166,GGR BFR4 SQ,GGR,BF,4,SQ
1167,GGR BFR5 HQ,GGR,BF,5,HQ
1168,GGR BFR5 FQ,GGR,BF,5,FQ
1169,GGR BFR5 SQ,GGR,BF,5,SQ
1170,GGR BFR6 HQ,GGR,BF,6,HQ
1171,GGR BFR6 FQ,GGR,BF,6,FQ
1172,GGR BFR6 SQ,GGR,BF,6,SQ
1173,GGR BFR7 HQ,GGR,BF,7,HQ
1174,GGR BFR7 FQ,GGR,BF,7,FQ
1175,GGR BFR7 SQ,GGR,BF,7,SQ
1176,GGR CIR1 HQ,GGR,CI,1,HQ
1177,GGR CIR1 FQ,GGR,CI,1,FQ
1178,GGR CIR1 SQ,GGR,CI,1,SQ
1179,GGR CIR2 HQ,GGR,CI,2,HQ
1180,GGR CIR2 FQ,GGR,CI,2,FQ
1181,GGR CIR2 SQ,GGR,CI,2,SQ
1182,GGR CIR3 HQ,GGR,CI,3,HQ
1183,GGR CIR3 FQ,GGR,CI,3,FQ
1184,GGR CIR3 SQ,GGR,CI,3,SQ
1185,GGR CIR4 HQ,GGR,CI,4,HQ
1186,GGR CIR4 FQ,GGR,CI,4,FQ
1187,GGR CIR4 SQ,GGR,CI,4,SQ
1188,GGR CIR5 HQ,GGR,CI,5,HQ
1189,GGR CIR5 FQ,GGR,CI,5,FQ
1190,GGR CIR5 SQ,GGR,CI,5,SQ
1191,GGR CIR6 HQ,GGR,CI,6,HQ
1192,GGR CIR6 FQ,GGR,CI,6,FQ
1193,GGR CIR6 SQ,GGR,CI,6,SQ
1194,GGR CIR7 HQ,GGR,CI,7,HQ
1195,GGR CIR7 FQ,GGR,CI,7,FQ
1196,GGR CIR7 SQ,GGR,CI,7,SQ
1197,GGR CDR1 HQ,GGR,CD,1,HQ
1198,GGR CDR1 FQ,GGR,CD,1,FQ
1199,GGR CDR1 SQ,GGR,CD,1,SQ
1200,GGR CDR2 HQ,GGR,CD,2,HQ
1201,GGR CDR2 FQ,GGR,CD,2,FQ
1202,GGR CDR2 SQ,GGR,CD,2,SQ
1203,GGR CDR3 HQ,GGR,CD,3,HQ
1204,GGR CDR3 FQ,GGR,CD,3,FQ
1205,GGR CDR3 SQ,GGR,CD,3,SQ
1206,GGR CDR4 HQ,GGR,CD,4,HQ
1207,GGR CDR4 FQ,GGR,CD,4,FQ
1208,GGR CDR4 SQ,GGR,CD,4,SQ
1209,GGR CDR5 HQ,GGR,CD,5,HQ
1210,GGR CDR5 FQ,GGR,CD,5,FQ
1211,GGR CDR5 SQ,GGR,CD,5,SQ
1212,GGR CDR6 HQ,GGR,CD,6,HQ
1213,GGR CDR6 FQ,GGR,CD,6,FQ
1214,GGR CDR6 SQ,GGR,CD,6,SQ
1215,GGR CDR7 HQ,GGR,CD,7,HQ
1216,GGR CDR7 FQ,GGR,CD,7,FQ
1217,GGR CDR7 SQ,GGR,CD,7,SQ
1218,GGR ETR1 HQ,GGR,ET,1,HQ
1219,GGR ETR1 FQ,GGR,ET,1,FQ
1220,GGR ETR1 SQ,GGR,ET,1,SQ
1221,GGR ETR2 HQ,GGR,ET,2,HQ
1222,GGR ETR2 FQ,GGR,ET,2,FQ
1223,GGR ETR2 SQ,GGR,ET,2,SQ
1224,GGR ETR3 HQ,GGR,ET,3,HQ
1225,GGR ETR3 FQ,GGR,ET,3,FQ
1226,GGR ETR3 SQ,GGR,ET,3,SQ
1227,GGR ETR4 HQ,GGR,ET,4,HQ
1228,GGR ETR4 FQ,GGR,ET,4,FQ
1229,GGR ETR4 SQ,GGR,ET,4,SQ
1230,GGR ETR5 HQ,GGR,ET,5,HQ
1231,GGR ETR5 FQ,GGR,ET,5,FQ
1232,GGR ETR5 SQ,GGR,ET,5,SQ
1233,GGR ETR6 HQ,GGR,ET,6,HQ
1234,GGR ETR6 FQ,GGR,ET,6,FQ
1235,GGR ETR6 SQ,GGR,ET,6,SQ
1236,GGR ETR7 HQ,GGR,ET,7,HQ
1237,GGR ETR7 FQ,GGR,ET,7,FQ
1238,GGR ETR7 SQ,GGR,ET,7,SQ
1239,GGR GHR1 HQ,GGR,GH,1,HQ
1240,GGR GHR1 FQ,GGR,GH,1,FQ
1241,GGR GHR1 SQ,GGR,GH,1,SQ
1242,GGR GHR2 HQ,GGR,GH,2,HQ
1243,GGR GHR2 FQ,GGR,GH,2,FQ
1244,GGR GHR2 SQ,GGR,GH,2,SQ
1245,GGR GHR3 HQ,GGR,GH,3,HQ
1246,GGR GHR3 FQ,GGR,GH,3,FQ
1247,GGR GHR3 SQ,GGR,GH,3,SQ
1248,GGR GHR4 HQ,GGR,GH,4,HQ
1249,GGR GHR4 FQ,GGR,GH,4,FQ
1250,GGR GHR4 SQ,GGR,GH,4,SQ
1251,GGR GHR5 HQ,GGR,GH,5,HQ
1252,GGR GHR5 FQ,GGR,GH,5,FQ
1253,GGR GHR5 SQ,GGR,GH,5,SQ
1254,GGR GHR6 HQ,GGR,GH,6,HQ
1255,GGR GHR6 FQ,GGR,GH,6,FQ
1256,GGR GHR6 SQ,GGR,GH,6,SQ
1257,GGR GHR7 HQ,GGR,GH,7,HQ
1258,GGR GHR7 FQ,GGR,GH,7,FQ
1259,GGR GHR7 SQ,GGR,GH,7,SQ
1260,GGR INR1 HQ,GGR,IN,1,HQ
1261,GGR INR1 FQ,GGR,IN,1,FQ
1262,GGR INR1 SQ,GGR,IN,1,SQ
1263,GGR INR2 HQ,GGR,IN,2,HQ
1264,GGR INR2 FQ,GGR,IN,2,FQ
1265,GGR INR2 SQ,GGR,IN,2,SQ
1266,GGR INR3 HQ,GGR,IN,3,HQ
1267,GGR INR3 FQ,GGR,IN,3,FQ
1268,GGR INR3 SQ,GGR,IN,3,SQ
1269,GGR INR4 HQ,GGR,IN,4,HQ
1270,GGR INR4 FQ,GGR,IN,4,FQ
1271,GGR INR4 SQ,GGR,IN,4,SQ
1272,GGR INR5 HQ,GGR,IN,5,HQ
1273,GGR INR5 FQ,GGR,IN,5,FQ
1274,GGR INR5 SQ,GGR,IN,5,SQ
1275,GGR INR6 HQ,GGR,IN,6,HQ
1276,GGR INR6 FQ,GGR,IN,6,FQ
1277,GGR INR6 SQ,GGR,IN,6,SQ
1278,GGR INR7 HQ,GGR,IN,7,HQ
1279,GGR INR7 FQ,GGR,IN,7,FQ
1280,GGR INR7 SQ,GGR,IN,7,SQ
1281,GGR IDR1 HQ,GGR,ID,1,HQ
1282,GGR IDR1 FQ,GGR,ID,1,FQ
1283,GGR IDR1 SQ,GGR,ID,1,SQ
1284,GGR IDR2 HQ,GGR,ID,2,HQ
1285,GGR IDR2 FQ,GGR,ID,2,FQ
1286,GGR IDR2 SQ,GGR,ID,2,SQ
1287,GGR IDR3 HQ,GGR,ID,3,HQ
1288,GGR IDR3 FQ,GGR,ID,3,FQ
1289,GGR IDR3 SQ,GGR,ID,3,SQ
1290,GGR IDR4 HQ,GGR,ID,4,HQ
1291,GGR IDR4 FQ,GGR,ID,4,FQ
1292,GGR IDR4 SQ,GGR,ID,4,SQ
1293,GGR IDR5 HQ,GGR,ID,5,HQ
1294,GGR IDR5 FQ,GGR,ID,5,FQ
1295,GGR IDR5 SQ,GGR,ID,5,SQ
1296,GGR IDR6 HQ,GGR,ID,6,HQ
1297,GGR IDR6 FQ,GGR,ID,6,FQ
1298,GGR IDR6 SQ,GGR,ID,6,SQ
1299,GGR IDR7 HQ,GGR,ID,7,HQ
1300,GGR IDR7 FQ,GGR,ID,7,FQ
1301,GGR IDR7 SQ,GGR,ID,7,SQ
1302,GGR KER1 HQ,GGR,KE,1,HQ
1303,GGR KER1 FQ,GGR,KE,1,FQ
1304,GGR KER1 SQ,GGR,KE,1,SQ
1305,GGR KER2 HQ,GGR,KE,2,HQ
1306,GGR KER2 FQ,GGR,KE,2,FQ
1307,GGR KER2 SQ,GGR,KE,2,SQ
1308,GGR KER3 HQ,GGR,KE,3,HQ
1309,GGR KER3 FQ,GGR,KE,3,FQ
1310,GGR KER3 SQ,GGR,KE,3,SQ
1311,GGR KER4 HQ,GGR,KE,4,HQ
1312,GGR KER4 FQ,GGR,KE,4,FQ
1313,GGR KER4 SQ,GGR,KE,4,SQ
1314,GGR KER5 HQ,GGR,KE,5,HQ
1315,GGR KER5 FQ,GGR,KE,5,FQ
1316,GGR KER5 SQ,GGR,KE,5,SQ
1317,GGR KER6 HQ,GGR,KE,6,HQ
1318,GGR KER6 FQ,GGR,KE,6,FQ
1319,GGR KER6 SQ,GGR,KE,6,SQ
1320,GGR KER7 HQ,GGR,KE,7,HQ
1321,GGR KER7 FQ,GGR,KE,7,FQ
1322,GGR KER7 SQ,GGR,KE,7,SQ
1323,GGR NGR1 HQ,GGR,NG,1,HQ
1324,GGR NGR1 FQ,GGR,NG,1,FQ
1325,GGR NGR1 SQ,GGR,NG,1,SQ
1326,GGR NGR2 HQ,GGR,NG,2,HQ
1327,GGR NGR2 FQ,GGR,NG,2,FQ
1328,GGR NGR2 SQ,GGR,NG,2,SQ
1329,GGR NGR3 HQ,GGR,NG,3,HQ
1330,GGR NGR3 FQ,GGR,NG,3,FQ
1331,GGR NGR3 SQ,GGR,NG,3,SQ
1332,GGR NGR4 HQ,GGR,NG,4,HQ
1333,GGR NGR4 FQ,GGR,NG,4,FQ
1334,GGR NGR4 SQ,GGR,NG,4,SQ
1335,GGR NGR5 HQ,GGR,NG,5,HQ
1336,GGR NGR5 FQ,GGR,NG,5,FQ
1337,GGR NGR5 SQ,GGR,NG,5,SQ
1338,GGR NGR6 HQ,GGR,NG,6,HQ
1339,GGR NGR6 FQ,GGR,NG,6,FQ
1340,GGR NGR6 SQ,GGR,NG,6,SQ
1341,GGR NGR7 HQ,GGR,NG,7,HQ
1342,GGR NGR7 FQ,GGR,NG,7,FQ
1343,GGR NGR7 SQ,GGR,NG,7,SQ
1344,GGR NER1 HQ,GGR,NE,1,HQ
1345,GGR NER1 FQ,GGR,NE,1,FQ
1346,GGR NER1 SQ,GGR,NE,1,SQ
1347,GGR NER2 HQ,GGR,NE,2,HQ
1348,GGR NER2 FQ,GGR,NE,2,FQ
1349,GGR NER2 SQ,GGR,NE,2,SQ
1350,GGR NER3 HQ,GGR,NE,3,HQ
1351,GGR NER3 FQ,GGR,NE,3,FQ
1352,GGR NER3 SQ,GGR,NE,3,SQ
1353,GGR NER4 HQ,GGR,NE,4,HQ
1354,GGR NER4 FQ,GGR,NE,4,FQ
1355,GGR NER4 SQ,GGR,NE,4,SQ
1356,GGR NER5 HQ,GGR,NE,5,HQ
1357,GGR NER5 FQ,GGR,NE,5,FQ
1358,GGR NER5 SQ,GGR,NE,5,SQ
1359,GGR NER6 HQ,GGR,NE,6,HQ
1360,GGR NER6 FQ,GGR,NE,6,FQ
1361,GGR NER6 SQ,GGR,NE,6,SQ
1362,GGR NER7 HQ,GGR,NE,7,HQ
1363,GGR NER7 FQ,GGR,NE,7,FQ
1364,GGR NER7 SQ,GGR,NE,7,SQ
1365,GGR UGR1 HQ,GGR,UG,1,HQ
1366,GGR UGR1 FQ,GGR,UG,1,FQ
1367,GGR UGR1 SQ,GGR,UG,1,SQ
1368,GGR UGR2 HQ,GGR,UG,2,HQ
1369,GGR UGR2 FQ,GGR,UG,2,FQ
1370,GGR UGR2 SQ,GGR,UG,2,SQ
1371,GGR UGR3 HQ,GGR,UG,3,HQ
1372,GGR UGR3 FQ,GGR,UG,3,FQ
1373,GGR UGR3 SQ,GGR,UG,3,SQ
1374,GGR UGR4 HQ,GGR,UG,4,HQ
1375,GGR UGR4 FQ,GGR,UG,4,FQ
1376,GGR UGR4 SQ,GGR,UG,4,SQ
1377,GGR UGR5 HQ,GGR,UG,5,HQ
1378,GGR UGR5 FQ,GGR,UG,5,FQ
1379,GGR UGR5 SQ,GGR,UG,5,SQ
1380,GGR UGR6 HQ,GGR,UG,6,HQ
1381,GGR UGR6 FQ,GGR,UG,6,FQ
1382,GGR UGR6 SQ,GGR,UG,6,SQ
1383,GGR UGR7 HQ,GGR,UG,7,HQ
1384,GGR UGR7 FQ,GGR,UG,7,FQ
1385,GGR UGR7 SQ,GGR,UG,7,SQ
1386,CCL BFR1 HQ,CCL,BF,1,HQ
1387,CCL BFR1 FQ,CCL,BF,1,FQ
1388,CCL BFR1 SQ,CCL,BF,1,SQ
1389,CCL BFR2 HQ,CCL,BF,2,HQ
1390,CCL BFR2 FQ,CCL,BF,2,FQ
1391,CCL BFR2 SQ,CCL,BF,2,SQ
1392,CCL BFR3 HQ,CCL,BF,3,HQ
1393,CCL BFR3 FQ,CCL,BF,3,FQ
1394,CCL BFR3 SQ,CCL,BF,3,SQ
1395,CCL BFR4 HQ,CCL,BF,4,HQ
1396,CCL BFR4 FQ,CCL,BF,4,FQ
1397,CCL BFR4 SQ,CCL,BF,4,SQ
1398,CCL BFR5 HQ,CCL,BF,5,HQ
1399,CCL BFR5 FQ,CCL,BF,5,FQ
1400,CCL BFR5 SQ,CCL,BF,5,SQ
1401,CCL BFR6 HQ,CCL,BF,6,HQ
1402,CCL BFR6 FQ,CCL,BF,6,FQ
1403,CCL BFR6 SQ,CCL,BF,6,SQ
1404,CCL BFR7 HQ,CCL,BF,7,HQ
1405,CCL BFR7 FQ,CCL,BF,7,FQ
1406,CCL BFR7 SQ,CCL,BF,7,SQ
1407,CCL CIR1 HQ,CCL,CI,1,HQ
1408,CCL CIR1 FQ,CCL,CI,1,FQ
1409,CCL CIR1 SQ,CCL,CI,1,SQ
1410,CCL CIR2 HQ,CCL,CI,2,HQ
1411,CCL CIR2 FQ,CCL,CI,2,FQ
1412,CCL CIR2 SQ,CCL,CI,2,SQ
1413,CCL CIR3 HQ,CCL,CI,3,HQ
1414,CCL CIR3 FQ,CCL,CI,3,FQ
1415,CCL CIR3 SQ,CCL,CI,3,SQ
1416,CCL CIR4 HQ,CCL,CI,4,HQ
1417,CCL CIR4 FQ,CCL,CI,4,FQ
1418,CCL CIR4 SQ,CCL,CI,4,SQ
1419,CCL CIR5 HQ,CCL,CI,5,HQ
1420,CCL CIR5 FQ,CCL,CI,5,FQ
1421,CCL CIR5 SQ,CCL,CI,5,SQ
1422,CCL CIR6 HQ,CCL,CI,6,HQ
1423,CCL CIR6 FQ,CCL,CI,6,FQ
1424,CCL CIR6 SQ,CCL,CI,6,SQ
1425,CCL CIR7 HQ,CCL,CI,7,HQ
1426,CCL CIR7 FQ,CCL,CI,7,FQ
1427,CCL CIR7 SQ,CCL,CI,7,SQ
1428,CCL CDR1 HQ,CCL,CD,1,HQ
1429,CCL CDR1 FQ,CCL,CD,1,FQ
1430,CCL CDR1 SQ,CCL,CD,1,SQ
1431,CCL CDR2 HQ,CCL,CD,2,HQ
1432,CCL CDR2 FQ,CCL,CD,2,FQ
1433,CCL CDR2 SQ,CCL,CD,2,SQ
1434,CCL CDR3 HQ,CCL,CD,3,HQ
1435,CCL CDR3 FQ,CCL,CD,3,FQ
1436,CCL CDR3 SQ,CCL,CD,3,SQ
1437,CCL CDR4 HQ,CCL,CD,4,HQ
1438,CCL CDR4 FQ,CCL,CD,4,FQ
1439,CCL CDR4 SQ,CCL,CD,4,SQ
1440,CCL CDR5 HQ,CCL,CD,5,HQ
1441,CCL CDR5 FQ,CCL,CD,5,FQ
1442,CCL CDR5 SQ,CCL,CD,5,SQ
1443,CCL CDR6 HQ,CCL,CD,6,HQ
1444,CCL CDR6 FQ,CCL,CD,6,FQ
1445,CCL CDR6 SQ,CCL,CD,6,SQ
1446,CCL CDR7 HQ,CCL,CD,7,HQ
1447,CCL CDR7 FQ,CCL,CD,7,FQ
1448,CCL CDR7 SQ,CCL,CD,7,SQ
1449,CCL ETR1 HQ,CCL,ET,1,HQ
1450,CCL ETR1 FQ,CCL,ET,1,FQ
1451,CCL ETR1 SQ,CCL,ET,1,SQ
1452,CCL ETR2 HQ,CCL,ET,2,HQ
1453,CCL ETR2 FQ,CCL,ET,2,FQ
1454,CCL ETR2 SQ,CCL,ET,2,SQ
1455,CCL ETR3 HQ,CCL,ET,3,HQ
1456,CCL ETR3 FQ,CCL,ET,3,FQ
1457,CCL ETR3 SQ,CCL,ET,3,SQ
1458,CCL ETR4 HQ,CCL,ET,4,HQ
1459,CCL ETR4 FQ,CCL,ET,4,FQ
1460,CCL ETR4 SQ,CCL,ET,4,SQ
1461,CCL ETR5 HQ,CCL,ET,5,HQ
1462,CCL ETR5 FQ,CCL,ET,5,FQ
1463,CCL ETR5 SQ,CCL,ET,5,SQ
1464,CCL ETR6 HQ,CCL,ET,6,HQ
1465,CCL ETR6 FQ,CCL,ET,6,FQ
1466,CCL ETR6 SQ,CCL,ET,6,SQ
1467,CCL ETR7 HQ,CCL,ET,7,HQ
1468,CCL ETR7 FQ,CCL,ET,7,FQ
1469,CCL ETR7 SQ,CCL,ET,7,SQ
1470,CCL GHR1 HQ,CCL,GH,1,HQ
1471,CCL GHR1 FQ,CCL,GH,1,FQ
1472,CCL GHR1 SQ,CCL,GH,1,SQ
1473,CCL GHR2 HQ,CCL,GH,2,HQ
1474,CCL GHR2 FQ,CCL,GH,2,FQ
1475,CCL GHR2 SQ,CCL,GH,2,SQ
1476,CCL GHR3 HQ,CCL,GH,3,HQ
1477,CCL GHR3 FQ,CCL,GH,3,FQ
1478,CCL GHR3 SQ,CCL,GH,3,SQ
1479,CCL GHR4 HQ,CCL,GH,4,HQ
1480,CCL GHR4 FQ,CCL,GH,4,FQ
1481,CCL GHR4 SQ,CCL,GH,4,SQ
1482,CCL GHR5 HQ,CCL,GH,5,HQ
1483,CCL GHR5 FQ,CCL,GH,5,FQ
1484,CCL GHR5 SQ,CCL,GH,5,SQ
1485,CCL GHR6 HQ,CCL,GH,6,HQ
1486,CCL GHR6 FQ,CCL,GH,6,FQ
1487,CCL GHR6 SQ,CCL,GH,6,SQ
1488,CCL GHR7 HQ,CCL,GH,7,HQ
1489,CCL GHR7 FQ,CCL,GH,7,FQ
1490,CCL GHR7 SQ,CCL,GH,7,SQ
1491,CCL INR1 HQ,CCL,IN,1,HQ
1492,CCL INR1 FQ,CCL,IN,1,FQ
1493,CCL INR1 SQ,CCL,IN,1,SQ
1494,CCL INR2 HQ,CCL,IN,2,HQ
1495,CCL INR2 FQ,CCL,IN,2,FQ
1496,CCL INR2 SQ,CCL,IN,2,SQ
1497,CCL INR3 HQ,CCL,IN,3,HQ
1498,CCL INR3 FQ,CCL,IN,3,FQ
1499,CCL INR3 SQ,CCL,IN,3,SQ
1500,CCL INR4 HQ,CCL,IN,4,HQ
1501,CCL INR4 FQ,CCL,IN,4,FQ
1502,CCL INR4 SQ,CCL,IN,4,SQ
1503,CCL INR5 HQ,CCL,IN,5,HQ
1504,CCL INR5 FQ,CCL,IN,5,FQ
1505,CCL INR5 SQ,CCL,IN,5,SQ
1506,CCL INR6 HQ,CCL,IN,6,HQ
1507,CCL INR6 FQ,CCL,IN,6,FQ
1508,CCL INR6 SQ,CCL,IN,6,SQ
1509,CCL INR7 HQ,CCL,IN,7,HQ
1510,CCL INR7 FQ,CCL,IN,7,FQ
1511,CCL INR7 SQ,CCL,IN,7,SQ
1512,CCL IDR1 HQ,CCL,ID,1,HQ
1513,CCL IDR1 FQ,CCL,ID,1,FQ
1514,CCL IDR1 SQ,CCL,ID,1,SQ
1515,CCL IDR2 HQ,CCL,ID,2,HQ
1516,CCL IDR2 FQ,CCL,ID,2,FQ
1517,CCL IDR2 SQ,CCL,ID,2,SQ
1518,CCL IDR3 HQ,CCL,ID,3,HQ
1519,CCL IDR3 FQ,CCL,ID,3,FQ
1520,CCL IDR3 SQ,CCL,ID,3,SQ
1521,CCL IDR4 HQ,CCL,ID,4,HQ
1522,CCL IDR4 FQ,CCL,ID,4,FQ
1523,CCL IDR4 SQ,CCL,ID,4,SQ
1524,CCL IDR5 HQ,CCL,ID,5,HQ
1525,CCL IDR5 FQ,CCL,ID,5,FQ
1526,CCL IDR5 SQ,CCL,ID,5,SQ
1527,CCL IDR6 HQ,CCL,ID,6,HQ
1528,CCL IDR6 FQ,CCL,ID,6,FQ
1529,CCL IDR6 SQ,CCL,ID,6,SQ
1530,CCL IDR7 HQ,CCL,ID,7,HQ
1531,CCL IDR7 FQ,CCL,ID,7,FQ
1532,CCL IDR7 SQ,CCL,ID,7,SQ
1533,CCL KER1 HQ,CCL,KE,1,HQ
1534,CCL KER1 FQ,CCL,KE,1,FQ
1535,CCL KER1 SQ,CCL,KE,1,SQ
1536,CCL KER2 HQ,CCL,KE,2,HQ
1537,CCL KER2 FQ,CCL,KE,2,FQ
1538,CCL KER2 SQ,CCL,KE,2,SQ
1539,CCL KER3 HQ,CCL,KE,3,HQ
1540,CCL KER3 FQ,CCL,KE,3,FQ
1541,CCL KER3 SQ,CCL,KE,3,SQ
1542,CCL KER4 HQ,CCL,KE,4,HQ
1543,CCL KER4 FQ,CCL,KE,4,FQ
1544,CCL KER4 SQ,CCL,KE,4,SQ
1545,CCL KER5 HQ,CCL,KE,5,HQ
1546,CCL KER5 FQ,CCL,KE,5,FQ
1547,CCL KER5 SQ,CCL,KE,5,SQ
1548,CCL KER6 HQ,CCL,KE,6,HQ
1549,CCL KER6 FQ,CCL,KE,6,FQ
1550,CCL KER6 SQ,CCL,KE,6,SQ
1551,CCL KER7 HQ,CCL,KE,7,HQ
1552,CCL KER7 FQ,CCL,KE,7,FQ
1553,CCL KER7 SQ,CCL,KE,7,SQ
1554,CCL NGR1 HQ,CCL,NG,1,HQ
1555,CCL NGR1 FQ,CCL,NG,1,FQ
1556,CCL NGR1 SQ,CCL,NG,1,SQ
1557,CCL NGR2 HQ,CCL,NG,2,HQ
1558,CCL NGR2 FQ,CCL,NG,2,FQ
1559,CCL NGR2 SQ,CCL,NG,2,SQ
1560,CCL NGR3 HQ,CCL,NG,3,HQ
1561,CCL NGR3 FQ,CCL,NG,3,FQ
1562,CCL NGR3 SQ,CCL,NG,3,SQ
1563,CCL NGR4 HQ,CCL,NG,4,HQ
1564,CCL NGR4 FQ,CCL,NG,4,FQ
1565,CCL NGR4 SQ,CCL,NG,4,SQ
1566,CCL NGR5 HQ,CCL,NG,5,HQ
1567,CCL NGR5 FQ,CCL,NG,5,FQ
1568,CCL NGR5 SQ,CCL,NG,5,SQ
1569,CCL NGR6 HQ,CCL,NG,6,HQ
1570,CCL NGR6 FQ,CCL,NG,6,FQ
1571,CCL NGR6 SQ,CCL,NG,6,SQ
1572,CCL NGR7 HQ,CCL,NG,7,HQ
1573,CCL NGR7 FQ,CCL,NG,7,FQ
1574,CCL NGR7 SQ,CCL,NG,7,SQ
1575,CCL NER1 HQ,CCL,NE,1,HQ
1576,CCL NER1 FQ,CCL,NE,1,FQ
1577,CCL NER1 SQ,CCL,NE,1,SQ
1578,CCL NER2 HQ,CCL,NE,2,HQ
1579,CCL NER2 FQ,CCL,NE,2,FQ
1580,CCL NER2 SQ,CCL,NE,2,SQ
1581,CCL NER3 HQ,CCL,NE,3,HQ
1582,CCL NER3 FQ,CCL,NE,3,FQ
1583,CCL NER3 SQ,CCL,NE,3,SQ
1584,CCL NER4 HQ,CCL,NE,4,HQ
1585,CCL NER4 FQ,CCL,NE,4,FQ
1586,CCL NER4 SQ,CCL,NE,4,SQ
1587,CCL NER5 HQ,CCL,NE,5,HQ
1588,CCL NER5 FQ,CCL,NE,5,FQ
1589,CCL NER5 SQ,CCL,NE,5,SQ
1590,CCL NER6 HQ,CCL,NE,6,HQ
1591,CCL NER6 FQ,CCL,NE,6,FQ
1592,CCL NER6 SQ,CCL,NE,6,SQ
1593,CCL NER7 HQ,CCL,NE,7,HQ
1594,CCL NER7 FQ,CCL,NE,7,FQ
1595,CCL NER7 SQ,CCL,NE,7,SQ
1596,CCL UGR1 HQ,CCL,UG,1,HQ
1597,CCL UGR1 FQ,CCL,UG,1,FQ
1598,CCL UGR1 SQ,CCL,UG,1,SQ
1599,CCL UGR2 HQ,CCL,UG,2,HQ
1600,CCL UGR2 FQ,CCL,UG,2,FQ
1601,CCL UGR2 SQ,CCL,UG,2,SQ
1602,CCL UGR3 HQ,CCL,UG,3,HQ
1603,CCL UGR3 FQ,CCL,UG,3,FQ
1604,CCL UGR3 SQ,CCL,UG,3,SQ
1605,CCL UGR4 HQ,CCL,UG,4,HQ
1606,CCL UGR4 FQ,CCL,UG,4,FQ
1607,CCL UGR4 SQ,CCL,UG,4,SQ
1608,CCL UGR5 HQ,CCL,UG,5,HQ
1609,CCL UGR5 FQ,CCL,UG,5,FQ
1610,CCL UGR5 SQ,CCL,UG,5,SQ
1611,CCL UGR6 HQ,CCL,UG,6,HQ
1612,CCL UGR6 FQ,CCL,UG,6,FQ
1613,CCL UGR6 SQ,CCL,UG,6,SQ
1614,CCL UGR7 HQ,CCL,UG,7,HQ
1615,CCL UGR7 FQ,CCL,UG,7,FQ
1616,CCL UGR7 SQ,CCL,UG,7,SQ
